"NR_2.5_35542.94","7RQ8|1|1x","7RQ8|1|1x,6XHW|1|1x,7RQ8|1|2x,6XHV|1|1x,6XHW|1|2x,6XHV|1|2x,4Y4P|1|1x,4W2F|1|AX,4W2F|1|CX,4Y4P|1|2x,7K00|1|Z,6XZ7|1|f,7TOP|1|APTN,6YSI|1|8+6YSI|1|6"
"NR_2.5_47295.1","6I0V|1|B","6I0V|1|B"
"NR_2.5_25521.1","5K77|1|X","5K77|1|X,5K77|1|V,5K77|1|Y,5K77|1|W,5K77|1|Z,4PEI|1|X,4PEI|1|V,4PEI|1|W,4PEI|1|Z,4PEI|1|Y"
"NR_2.5_10157.94","4YBB|1|DB","4YBB|1|DB,4YBB|1|CB,7K00|1|b,6XZ7|1|B,7LVK|1|J,6PJ6|1|J,7N1P|1|5,7PJS|1|B,7O1A|1|BB,7S1H|1|J,7S1K|1|J,7BL4|1|B,7S1J|1|J,7S1G|1|J,7S1I|1|J,6PC6|1|J,6PCR|1|J,6PC7|1|J"
"NR_2.5_51674.1","3BT7|1|D","3BT7|1|D,3BT7|1|C"
"NR_2.5_19951.56","4YCO|1|D","4YCO|1|D,4YCO|1|E,4YCO|1|F,3FOZ|1|C,7RQ8|1|1y,6XHW|1|1w,6XHV|1|1w,7RQ8|1|2y,6XHW|1|2w,6XHV|1|2w,4Y4P|1|1y,7RQ8|1|1w,4Y4P|1|2y,4W2F|1|AW,4Y4P|1|1w,7RQ8|1|2w,4W2F|1|AY,4Y4P|1|2w,4W2F|1|CW,6XHV|1|1y,4W2F|1|CY,6XHW|1|1y,6XHW|1|2y,6XHV|1|2y,7S1K|1|A,7S1I|1|A,7S1G|1|A,7N1P|1|Dt"
"NR_2.5_65795.65","4Y4O|1|1a","4Y4O|1|1a,7RQB|1|1a,4Y4O|1|2a,7RQB|1|2a,7RQE|1|1a,7RQ8|1|1a,7RQE|1|2a,7RQC|1|1a,6XHW|1|1a,7RQC|1|2a,6XHV|1|1a,7RQ8|1|2a,7RQD|1|1a,6XHV|1|2a,6XHW|1|2a,7RQD|1|2a,4Y4P|1|1a,4W2F|1|AA,7RQA|1|1a,7RQA|1|2a,4W2F|1|CA,4Y4P|1|2a"
"NR_2.5_97519.58","7RQB|1|1A","7RQB|1|1A,7RQB|1|2A,4Y4O|1|2A,4Y4O|1|1A,7RQE|1|1A,7RQE|1|2A,7RQ8|1|1A,7RQ8|1|2A,7RQC|1|1A,7RQC|1|2A,6XHW|1|1A,7RQD|1|1A,6XHV|1|1A,7RQD|1|2A,6XHW|1|2A,6XHV|1|2A,7RQA|1|1A,4W2F|1|DA,4W2F|1|BA,7RQA|1|2A,4Y4P|1|1A,4Y4P|1|2A"
"NR_2.5_42622.58","7RQB|1|1B","7RQB|1|1B,4Y4O|1|1B,4Y4O|1|2B,7RQB|1|2B,7RQE|1|1B,7RQ8|1|1B,7RQC|1|1B,6XHW|1|1B,7RQE|1|2B,6XHV|1|1B,7RQD|1|1B,7RQC|1|2B,7RQA|1|1B,6XHV|1|2B,4W2F|1|BB,7RQD|1|2B,6XHW|1|2B,4Y4P|1|1B,7RQ8|1|2B,7RQA|1|2B,4W2F|1|DB,4Y4P|1|2B"
"NR_2.5_65403.1","6IV9|1|B","6IV9|1|B,6IV8|1|B,6IV8|1|D"
"NR_2.5_78372.4","6X1B|1|D","6X1B|1|D,6X1B|1|F,5K77|1|x,5K77|1|z,5K77|1|v,5K77|1|y,5K77|1|w,6I0T|1|B,1B2M|1|C,1B2M|1|D,1B2M|1|E"
"NR_2.5_56726.86","4YBB|1|AA","4YBB|1|AA,4YBB|1|BA,7K00|1|A,7S1H|1|C,7N1P|1|16,7S1K|1|C,7S1J|1|C,7S1I|1|C,7S1G|1|C,7O1A|1|AA,7PJS|1|a"
"NR_2.5_06650.24","7O7Y|1|B5+7O7Y|1|B8","7O7Y|1|B5+7O7Y|1|B8,7O7Z|1|B5+7O7Z|1|B8"
"NR_2.5_86088.1","5LR4|1|A+5LR4|1|B","5LR4|1|A+5LR4|1|B,5LR4|1|C+5LR4|1|D"
"NR_2.5_08637.1","5BZ1|1|B","5BZ1|1|B"
"NR_2.5_70063.1","4WTM|1|T+4WTM|1|P","4WTM|1|T+4WTM|1|P"
"NR_2.5_21736.6","6D30|1|C","6D30|1|C,6J7Z|1|C,3ER9|1|D,4NIA|1|3,4NIA|1|7,4NIA|1|4,4NIA|1|v,4NIA|1|u,4NIA|1|6,4OQ9|1|7,4NIA|1|x,4NIA|1|1,4OQ9|1|4,4NIA|1|8,4OQ9|1|8,4OQ9|1|t,4OQ9|1|y,4NIA|1|5,4OQ9|1|x,4NIA|1|w,4NIA|1|t,4OQ9|1|6,4OQ8|1|D,4NIA|1|z,4OQ9|1|w,4OQ9|1|5,4NIA|1|y,4NIA|1|2,4OQ9|1|u,4OQ9|1|z,4OQ9|1|2,4OQ9|1|v,4OQ9|1|3,4OQ9|1|1"
"NR_2.5_33222.1","6RT5|1|A","6RT5|1|A,6RT5|1|E"
"NR_2.5_83717.96","4YBB|1|DA","4YBB|1|DA,4YBB|1|CA,7K00|1|a,6XZ7|1|A,7LVK|1|I,6PJ6|1|I,7N1P|1|23,7PJS|1|A,7S1H|1|I,7S1K|1|I,7O1A|1|BA,7S1J|1|I,7S1I|1|I,7S1G|1|I,7BL4|1|A,6PCR|1|I,6PC6|1|I,6PC7|1|I"
"NR_2.5_08576.3","6DO8|1|b","6DO8|1|b,6DPI|1|b,6DP9|1|b,6DPB|1|b,6DMN|1|b,6DPP|1|b,6DPK|1|b,6DPD|1|b,6DOT|1|b,6DOK|1|b,6DP8|1|b,6DPL|1|b,6DPG|1|b,6DOU|1|b,6DPC|1|b,6DO9|1|b,6DMV|1|b,6DP4|1|b,6DPN|1|b,6DOJ|1|b,6DPH|1|b,6DOS|1|b,6DOO|1|b,6DP6|1|b,6DOX|1|b,6DP5|1|b,6DOL|1|b,6DP1|1|b,6DOZ|1|b,6DP7|1|b,6DOQ|1|b,6DPA|1|b,6DOM|1|b,6DOG|1|b,6DOP|1|b,6DOH|1|b,6DOA|1|b,6DON|1|b,6DOV|1|b,6DPO|1|b,6DOD|1|b,6DOB|1|b,6DOW|1|b,6DPM|1|b,6DPF|1|b,6DP3|1|b,6DP2|1|b,6DPE|1|b,6DPJ|1|b,6DOR|1|b,6DOF|1|b,6DP0|1|b,6DOI|1|b,6DOC|1|b,6DOE|1|b,6N6G|1|D"
"NR_2.5_72694.2","7PZY|1|10","7PZY|1|10"
"NR_2.5_23205.3","6DO8|1|B","6DO8|1|B,6DP9|1|B,6DOS|1|B,6DPB|1|B,6DPP|1|B,6DPI|1|B,6DOK|1|B,6DOU|1|B,6DOO|1|B,6DPD|1|B,6DOP|1|B,6DO9|1|B,6DMN|1|B,6DPC|1|B,6DOQ|1|B,6DOT|1|B,6DP4|1|B,6DPL|1|B,6DPN|1|B,6DOM|1|B,6DOG|1|B,6DOX|1|B,6DPH|1|B,6DMV|1|B,6DOJ|1|B,6DOH|1|B,6DP1|1|B,6DP5|1|B,6DPA|1|B,6DPK|1|B,6DP6|1|B,6DOL|1|B,6DOA|1|B,6DPG|1|B,6DOZ|1|B,6DOB|1|B,6DOV|1|B,6DPO|1|B,6DP7|1|B,6DOF|1|B,6DON|1|B,6DOD|1|B,6DOR|1|B,6DOW|1|B,6DPM|1|B,6DPF|1|B,6DP3|1|B,6DPJ|1|B,6DP2|1|B,6DPE|1|B,6DP0|1|B,6DOC|1|B,6DOI|1|B,6DOE|1|B"
"NR_2.5_27023.1","3LQX|1|B","3LQX|1|B,1HQ1|1|B,2PXE|1|B,2PXD|1|B,2PXT|1|B,2PXB|1|B,2PXF|1|B,2PXP|1|B,2PXL|1|B,2PXV|1|B,2PXU|1|B,2PXK|1|B,2PXQ|1|B,1DUL|1|B"
"NR_2.5_18961.1","1WMQ|1|D","1WMQ|1|D,1WMQ|1|C,1WRQ|1|C,1WRQ|1|D"
"NR_2.5_18600.1","6PPQ|1|H","6PPQ|1|H"
"NR_2.5_43598.1","5KVJ|1|A+5KVJ|1|B","5KVJ|1|A+5KVJ|1|B"
"NR_2.5_89429.5","4FEN|1|B","4FEN|1|B,4FEO|1|B,4FEL|1|B,4FEP|1|B,4FEJ|1|B,4FE5|1|B,2XNZ|1|A,2XNW|1|A,6UBU|1|B,6UC7|1|B,3GOT|1|A,6UC9|1|B,6UC8|1|B,2G9C|1|A,3GAO|1|A,3GER|1|A,2EES|1|A,3GOG|1|A,3DS7|1|A,2EET|1|A,3FO4|1|A,2EEV|1|A,3DS7|1|B,3FO6|1|A,3G4M|1|A,3GES|1|A,2B57|1|A,2EEW|1|A,2EEU|1|A,2XO1|1|A"
"NR_2.5_44340.1","3LRR|1|C+3LRR|1|D","3LRR|1|C+3LRR|1|D"
"NR_2.5_80360.2","6TFG|1|A","6TFG|1|A,6TF1|1|A,6TF0|1|A,6TFE|1|A"
"NR_2.5_38795.1","1YZD|1|A+1YZD|1|B","1YZD|1|A+1YZD|1|B"
"NR_2.5_98212.1","5ELR|1|B","5ELR|1|B"
"NR_2.5_22385.1","7DCO|1|H+7DCO|1|F","7DCO|1|H+7DCO|1|F"
"NR_2.5_55785.1","4M59|1|C","4M59|1|C"
"NR_2.5_39651.1","3HJW|1|D","3HJW|1|D,3LWV|1|D,3LWR|1|D,3LWP|1|D"
"NR_2.5_27182.1","4M59|1|D","4M59|1|D"
"NR_2.5_76703.6","7N1P|1|Pt","7N1P|1|Pt"
"NR_2.5_86334.1","4LGT|1|E","4LGT|1|E,4LGT|1|F"
"NR_2.5_73553.1","7BV2|1|T+7BV2|1|P","7BV2|1|T+7BV2|1|P"
"NR_2.5_09880.4","2G8I|1|B","2G8I|1|B,2G8F|1|B,5USG|1|B,3ULD|1|B,2G8K|1|B,3TWH|1|B,5USA|1|B,5WJR|1|B,5W7O|1|B,5USE|1|B,5US2|1|B,5W7N|1|B,2G8H|1|B,2R7Y|1|B,2G8V|1|B,2G8W|1|B"
"NR_2.5_57598.2","3RG5|1|B","3RG5|1|B,3RG5|1|A"
"NR_2.5_63209.1","3R1E|1|A+3R1E|1|B","3R1E|1|A+3R1E|1|B"
"NR_2.5_34764.1","6YL5|1|I","6YL5|1|I,6YL5|1|E,6YL5|1|A,6YL5|1|K,6YL5|1|G,6YL5|1|C"
"NR_2.5_54098.1","7EOG|1|A","7EOG|1|A,7EOH|1|A,7EOP|1|A,7EOI|1|A,7EOJ|1|A,7EON|1|A,7EOO|1|A,7EOL|1|A"
"NR_2.5_19539.1","5HNJ|1|A+5HNJ|1|B","5HNJ|1|A+5HNJ|1|B,5HNJ|1|C+5HNJ|1|D,5HN2|1|B+5HN2|1|A,5HNJ|1|E+5HNJ|1|F,5HN2|1|C+5HN2|1|D,5HN2|1|E+5HN2|1|F,5HNQ|1|A+5HNQ|1|B,5HNQ|1|C+5HNQ|1|D,5HNQ|1|K+5HNQ|1|L,5HNQ|1|E+5HNQ|1|F,5HNQ|1|I+5HNQ|1|J,5HNQ|1|M,5HNQ|1|G+5HNQ|1|H"
"NR_2.5_51156.1","3SQX|1|B","3SQX|1|B,3SQW|1|B"
"NR_2.5_12865.1","5ZSE|1|C","5ZSE|1|C,5ZSE|1|D,5ZSM|1|D,5ZSM|1|E"
"NR_2.5_90160.4","5B2P|1|B","5B2P|1|B,5B2O|1|B,5B2Q|1|B"
"NR_2.5_02656.1","4P5J|1|A","4P5J|1|A"
"NR_2.5_29848.1","3DIL|1|A","3DIL|1|A,3DIO|1|X,3DJ2|1|A,3DJ0|1|A"
"NR_2.5_92683.1","2G3S|1|I+2G3S|1|J","2G3S|1|I+2G3S|1|J,2G3S|1|G+2G3S|1|H,2G3S|1|C+2G3S|1|D,2G3S|1|A+2G3S|1|B,2G3S|1|E+2G3S|1|F"
"NR_2.5_19677.1","5C0Y|1|D","5C0Y|1|D"
"NR_2.5_54627.6","7K00|1|5","7K00|1|5"
"NR_2.5_90633.20","6S0Z|1|A","6S0Z|1|A,7ASM|1|A,6S0X|1|A"
"NR_2.5_09580.1","5C0Y|1|C","5C0Y|1|C"
"NR_2.5_27096.1","4WFL|1|A","4WFL|1|A"
"NR_2.5_74924.17","3PEY|1|B","3PEY|1|B,3PEW|1|B,5ELX|1|B,4ALP|1|E,2HYI|1|F,6G2K|1|R,2HYI|1|L,3EX7|1|J,5SZE|1|C,3EX7|1|F,3O8C|1|C,5BTE|1|D,3PF5|1|R,5BTE|1|C,6WRE|1|D,6I0U|1|B,5ZSA|1|C,5ZSA|1|D,3O8R|1|C,3PF5|1|S,6PPN|1|A,6PPN|1|I"
"NR_2.5_51266.3","2C4Q|1|R","2C4Q|1|R,2C4Q|1|S,2BU1|1|R,2BU1|1|S"
"NR_2.5_40848.1","5ZSL|1|D","5ZSL|1|D"
"NR_2.5_11898.1","5ZSL|1|E","5ZSL|1|E"
"NR_2.5_91756.1","6S8B|1|V+6S8B|1|U","6S8B|1|V+6S8B|1|U"
"NR_2.5_02127.1","7OM7|1|H+7OM7|1|G","7OM7|1|H+7OM7|1|G,7OM6|1|E+7OM6|1|C,7OM7|1|F+7OM7|1|E,7OM7|1|I+7OM7|1|J,7OM6|1|F+7OM6|1|D,7OM7|1|K+7OM7|1|L"
"NR_2.5_25251.1","7CGL|1|B","7CGL|1|B"
"NR_2.5_57351.1","7S3A|1|B","7S3A|1|B"
"NR_2.5_73125.1","7EDT|1|A+7EDT|1|B","7EDT|1|A+7EDT|1|B"
"NR_2.5_03690.1","6FPQ|1|B","6FPQ|1|B"
"NR_2.5_16044.1","1I9X|1|A+1I9X|1|B","1I9X|1|A+1I9X|1|B"
"NR_2.5_95409.1","1UVM|1|D","1UVM|1|D,1UVM|1|E,1UVM|1|F"
"NR_2.5_43688.1","7CGF|1|B","7CGF|1|B"
"NR_2.5_56893.1","3P59|1|E+3P59|1|A+3P59|1|C+3P59|1|G+3P59|1|B+3P59|1|D+3P59|1|F+3P59|1|H","3P59|1|E+3P59|1|A+3P59|1|C+3P59|1|G+3P59|1|B+3P59|1|D+3P59|1|F+3P59|1|H"
"NR_2.5_69516.1","1Y26|1|X","1Y26|1|X"
"NR_2.5_48777.1","4NKU|1|D","4NKU|1|D,4NKU|1|H"
"NR_2.5_10487.1","4NFQ|1|A","4NFQ|1|A,4NFQ|1|B+4NFQ|1|C,4NFO|1|A,4NFP|1|B+4NFP|1|C,4NFP|1|A,4NFO|1|B+4NFO|1|C,1YZD|1|C"
"NR_2.5_19377.2","5M3H|1|V+5M3H|1|R","5M3H|1|V+5M3H|1|R"
"NR_2.5_90506.49","7TOP|1|A25S+7TOP|1|A58S","7TOP|1|A25S+7TOP|1|A58S"
"NR_2.5_48359.1","5UZ6|1|A","5UZ6|1|A,5UZ6|1|C,5UZ6|1|E,5UX3|1|A"
"NR_2.5_79034.1","7DOL|1|C","7DOL|1|C"
"NR_2.5_69813.10","7EQJ|1|B","7EQJ|1|B,7EQJ|1|A,7K00|1|Y"
"NR_2.5_20758.1","5F8H|1|B+5F8H|1|C","5F8H|1|B+5F8H|1|C,5F8I|1|B+5F8I|1|C"
"NR_2.5_49161.1","6XJQ|1|A","6XJQ|1|A,6XJW|1|A,6XJQ|1|B,6XJW|1|B,6XJY|1|A,6XJZ|1|B,6XJZ|1|A,6XJY|1|B"
"NR_2.5_02086.1","3B5S|1|B+3B5S|1|C+3B5S|1|A","3B5S|1|B+3B5S|1|C+3B5S|1|A,3B5A|1|B+3B5A|1|C+3B5A|1|A,3BBI|1|B+3BBI|1|C+3BBI|1|A"
"NR_2.5_55702.1","1C9S|1|W","1C9S|1|W"
"NR_2.5_81641.1","6F4G|1|C","6F4G|1|C,6F4G|1|F"
"NR_2.5_69142.1","3NMR|1|B","3NMR|1|B"
"NR_2.5_83593.2","5AXM|1|P","5AXM|1|P,1EVV|1|A,4TNA|1|A,1EHZ|1|A,6XZ7|1|g"
"NR_2.5_25303.2","4V9F|1|9","4V9F|1|9,1S72|1|9,1JJ2|1|9,1YHQ|1|9,3CC2|1|9,1VQ8|1|9,1VQO|1|9,1VQK|1|9,1VQ9|1|9,1VQP|1|9,1VQ7|1|9,1VQN|1|9,1FFK|1|9"
"NR_2.5_79645.1","4KRE|1|R","4KRE|1|R"
"NR_2.5_43542.1","4HOT|1|X","4HOT|1|X"
"NR_2.5_09715.1","5NS3|1|C","5NS3|1|C,5NS4|1|C,5NS3|1|D,5NS4|1|D"
"NR_2.5_26150.2","4V9F|1|0","4V9F|1|0,1S72|1|0,1JJ2|1|0,1YHQ|1|0,3CC2|1|0,1VQO|1|0,1VQ8|1|0,1VQP|1|0,1VQK|1|0,1VQN|1|0,1VQ9|1|0,1VQ7|1|0,1FFK|1|0"
"NR_2.5_12063.1","7P0V|1|B","7P0V|1|B"
"NR_2.5_63520.1","4TU0|1|F","4TU0|1|F,4TU0|1|G"
"NR_2.5_95171.1","3B31|1|A","3B31|1|A"
"NR_2.5_29649.1","3ND3|1|A","3ND3|1|A"
"NR_2.5_23607.1","6IS0|1|C","6IS0|1|C"
"NR_2.5_73731.2","3U4M|1|B","3U4M|1|B,4QVI|1|B,3UMY|1|B,4QG3|1|B,3U56|1|B"
"NR_2.5_58167.1","3E5C|1|A","3E5C|1|A"
"NR_2.5_38094.1","7C45|1|D","7C45|1|D"
"NR_2.5_45210.1","4TYW|1|B","4TYW|1|B"
"NR_2.5_00973.1","2XS2|1|B","2XS2|1|B"
"NR_2.5_89299.1","7D81|1|A","7D81|1|A,7D82|1|A"
"NR_2.5_64635.1","1KD4|1|A+1KD4|1|B","1KD4|1|A+1KD4|1|B"
"NR_2.5_31819.4","1QTQ|1|B","1QTQ|1|B,4JXX|1|B,1ZJW|1|B,1GTR|1|B"
"NR_2.5_28670.1","7LO9|1|A+7LO9|1|B","7LO9|1|A+7LO9|1|B,7LO9|1|C+7LO9|1|D"
"NR_2.5_71199.4","5Z1I|1|A","5Z1I|1|A,2PWT|1|A+2PWT|1|B,5ZEG|1|A+5ZEG|1|B+5ZEG|1|C,3TD1|1|B+3TD1|1|A,4K32|1|A+4K32|1|B,5ZEI|1|A+5ZEI|1|B,4P3S|1|B+4P3S|1|A,2ET5|1|A+2ET5|1|B,1MWL|1|A+1MWL|1|B,2ET4|1|A+2ET4|1|B,2ESJ|1|A+2ESJ|1|B,5Z1H|1|B+5Z1H|1|A,3WRU|1|A+3WRU|1|B,4F8U|1|A+4F8U|1|B,5Z71|1|B+5Z71|1|A,1J7T|1|A+1J7T|1|B"
"NR_2.5_31135.1","5AOR|1|C","5AOR|1|C,5AOR|1|D"
"NR_2.5_66108.1","2DRA|1|B","2DRA|1|B,2ZH6|1|B,2DR8|1|B,2ZH3|1|B"
"NR_2.5_16324.1","2VOD|1|D","2VOD|1|D,2VOD|1|C"
"NR_2.5_11709.1","3ZGZ|1|B","3ZGZ|1|B,4AQ7|1|B,3ZGZ|1|E,4AS1|1|B,4ARI|1|B,4AQ7|1|E,4CQN|1|B,3ZJT|1|B,3ZJU|1|B,4ARC|1|B,4CQN|1|E,3ZJV|1|B"
"NR_2.5_51076.1","1QC0|1|C+1QC0|1|D","1QC0|1|C+1QC0|1|D"
"NR_2.5_14761.1","5WWX|1|C","5WWX|1|C"
"NR_2.5_40394.1","7Z26|1|E","7Z26|1|E,7Z26|1|D"
"NR_2.5_91124.3","6HC5|1|A","6HC5|1|A,5NEP|1|A,6HBX|1|A,6HBT|1|A,5NEX|1|A,5NEO|1|A,5NEQ|1|A,5NEF|1|A,5NOM|1|A"
"NR_2.5_98920.1","4QU6|1|B","4QU6|1|B"
"NR_2.5_98705.4","2P7E|1|D+2P7E|1|C+2P7E|1|P","2P7E|1|D+2P7E|1|C+2P7E|1|P,1ZFT|1|D+1ZFT|1|C+1ZFT|1|A+1ZFT|1|B,2P7F|1|D+2P7F|1|C+2P7F|1|A+2P7F|1|B,1ZFV|1|D+1ZFV|1|C+1ZFV|1|A+1ZFV|1|B,2OUE|1|D+2OUE|1|C+2OUE|1|A+2OUE|1|B,2P7D|1|D+2P7D|1|C+2P7D|1|P,2D2L|1|D+2D2L|1|C+2D2L|1|A+2D2L|1|B,2FGP|1|D+2FGP|1|C+2FGP|1|A+2FGP|1|B,1X9C|1|D+1X9C|1|C+1X9C|1|A+1X9C|1|B,1ZFX|1|D+1ZFX|1|C+1ZFX|1|A+1ZFX|1|B,2BCZ|1|D+2BCZ|1|C+2BCZ|1|A+2BCZ|1|B"
"NR_2.5_20784.1","4TZ0|1|B","4TZ0|1|B"
"NR_2.5_28594.1","2X1F|1|B","2X1F|1|B,2X1A|1|B"
"NR_2.5_48352.1","4XWF|1|A","4XWF|1|A,4XW7|1|A"
"NR_2.5_60906.1","4JAB|1|A+4JAB|1|B","4JAB|1|A+4JAB|1|B"
"NR_2.5_88157.2","4CS1|1|A","4CS1|1|A,6Q8U|1|A+6Q8U|1|B,4C40|1|A,5FJ0|1|C,5FJ0|1|A+5FJ0|1|B"
"NR_2.5_94729.8","4NLF|1|A","4NLF|1|A,5D99|1|A,6Y0Y|1|A,1Q9A|1|A,4NMG|1|A,6ZYB|1|A,3DW4|1|A,3DW6|1|A,7L3R|1|A,4Y27|1|A,7JJE|1|A,3DVZ|1|A,4NXH|1|A,5NQI|1|A,3S7C|1|A,5MRX|1|A,3DW5|1|A,3DW7|1|A,483D|1|A,3S8U|1|A,7JJD|1|A,1MSY|1|A,480D|1|A,6Y0T|1|B,6Y0T|1|A,7M3V|1|A,7JJF|1|A,1JBR|1|D,7EEN|1|A,7EEN|1|B,6ZXZ|1|B,7EEN|1|D,1JBS|1|D,7EEN|1|C,6ZXZ|1|A,6ZXZ|1|C,1JBS|1|C"
"NR_2.5_53005.1","5NXT|1|U","5NXT|1|U"
"NR_2.5_11028.1","5O1Y|1|B","5O1Y|1|B"
"NR_2.5_48748.1","5T5A|1|A","5T5A|1|A"
"NR_2.5_21280.21","7O7Y|1|A2","7O7Y|1|A2,7O7Z|1|A2"
"NR_2.5_07795.1","7D7W|1|A","7D7W|1|A"
"NR_2.5_03715.1","1QU2|1|T","1QU2|1|T,1FFY|1|T"
"NR_2.5_77683.1","2JEA|1|C","2JEA|1|C"
"NR_2.5_38099.1","3BNR|1|C+3BNR|1|D","3BNR|1|C+3BNR|1|D,3BNR|1|A+3BNR|1|B,3BNS|1|C+3BNS|1|D,3BNS|1|A+3BNS|1|B,3BNQ|1|C+3BNQ|1|D,3BNQ|1|A+3BNQ|1|B"
"NR_2.5_50004.1","1FXL|1|B","1FXL|1|B"
"NR_2.5_77275.1","4K31|1|B+4K31|1|C","4K31|1|B+4K31|1|C"
"NR_2.5_66687.6","7P7Q|1|a","7P7Q|1|a"
"NR_2.5_38180.1","5MFX|1|B","5MFX|1|B"
"NR_2.5_34492.3","398D|1|C","398D|1|C,398D|1|A"
"NR_2.5_14757.1","5ZC9|1|B","5ZC9|1|B"
"NR_2.5_17996.4","4J7L|1|B","4J7L|1|B,5W0M|1|J,5BUD|1|E,5W0M|1|I,5W0M|1|H,4J7M|1|B,5BUD|1|D,6A4E|1|B,6A4E|1|D"
"NR_2.5_71188.2","5TDJ|1|A","5TDJ|1|A,5TDJ|1|B,4MSR|1|A+4MSR|1|B,5TDK|1|A+5TDK|1|B,4MS9|1|A,6WY3|1|A+6WY3|1|B,6WY3|1|C+6WY3|1|D,4MSB|1|A+4MSB|1|B,4MSB|1|C+4MSB|1|D,6WY2|1|A,6WY2|1|B+6WY2|1|C,4MSB|1|E+4MSB|1|F,6WY2|1|D+6WY2|1|E,6Z18|1|A+6Z18|1|B,100D|1|A+100D|1|B,161D|1|B,161D|1|A,394D|1|A+394D|1|B,393D|1|A,393D|1|B"
"NR_2.5_83277.1","7PZY|1|3","7PZY|1|3"
"NR_2.5_54899.2","6KQF|1|I","6KQF|1|I"
"NR_2.5_70203.1","217D|1|A","217D|1|A,216D|1|A"
"NR_2.5_36938.1","5I9H|1|B","5I9H|1|B"
"NR_2.5_55964.1","5D5L|1|A","5D5L|1|A,5D5L|1|D,5D5L|1|B,5D5L|1|C"
"NR_2.5_95110.1","1RPU|1|C+1RPU|1|D","1RPU|1|C+1RPU|1|D"
"NR_2.5_60167.4","3C3Z|1|A+3C3Z|1|B","3C3Z|1|A+3C3Z|1|B,2OIY|1|A+2OIY|1|B,462D|1|B+462D|1|A,1NLC|1|B+1NLC|1|A,3C44|1|A+3C44|1|B,3C7R|1|A+3C7R|1|B,3C5D|1|A+3C5D|1|B,1Y99|1|A+1Y99|1|B,3DVV|1|A+3DVV|1|B,2OIJ|1|A+2OIJ|1|B,3FAR|1|A+3FAR|1|B,2QEK|1|A+2QEK|1|B"
"NR_2.5_32676.1","2F8K|1|B","2F8K|1|B"
"NR_2.5_35127.1","6X5M|1|r","6X5M|1|r,6X5M|1|R"
"NR_2.5_43130.1","7Z42|1|V","7Z42|1|V,7Z42|1|H"
"NR_2.5_52425.1","2EZ6|1|D","2EZ6|1|D,2EZ6|1|C,4M30|1|D,4M30|1|C,2NUF|1|D,2NUF|1|C"
"NR_2.5_27290.1","419D|1|C+419D|1|D","419D|1|C+419D|1|D,419D|1|A+419D|1|B"
"NR_2.5_00883.1","7V4G|1|D","7V4G|1|D,7V4G|1|E,7V4G|1|F,7WL0|1|F,7WL0|1|B,7WKV|1|B,7WKV|1|D,7WKV|1|F,7WL0|1|H,7WL0|1|D,7WL0|1|J"
"NR_2.5_43929.1","6UV1|1|C","6UV1|1|C"
"NR_2.5_85514.1","1YYK|1|C+1YYK|1|D","1YYK|1|C+1YYK|1|D,1YYK|1|E+1YYK|1|F"
"NR_2.5_87893.1","1IHA|1|A+1IHA|1|B","1IHA|1|A+1IHA|1|B,165D|1|A+165D|1|B,1IDW|1|A+1IDW|1|B"
"NR_2.5_13614.1","6KWQ|1|B","6KWQ|1|B"
"NR_2.5_31263.1","4ILL|1|R","4ILL|1|R,4ILL|1|C"
"NR_2.5_88047.3","5UDI|1|B","5UDI|1|B,5UDL|1|B,5UDK|1|B,5UDJ|1|B"
"NR_2.5_86744.1","3SZX|1|A+3SZX|1|B","3SZX|1|A+3SZX|1|B"
"NR_2.5_06402.1","4AL5|1|B","4AL5|1|B,4AL7|1|B"
"NR_2.5_82735.1","4WTL|1|T+4WTL|1|P","4WTL|1|T+4WTL|1|P"
"NR_2.5_37028.1","5XTM|1|D","5XTM|1|D"
"NR_2.5_87665.1","5D8T|1|A+5D8T|1|B","5D8T|1|A+5D8T|1|B,6CY2|1|A+6CY2|1|B,6CXZ|1|A+6CXZ|1|B,5VR4|1|C+5VR4|1|D,5VR4|1|A+5VR4|1|B,6CY4|1|C+6CY4|1|D,6CY4|1|A+6CY4|1|B,6CY4|1|E+6CY4|1|F,6CY4|1|G+6CY4|1|H,5DER|1|A+5DER|1|B,5DER|1|C+5DER|1|D,6CY0|1|A+6CY0|1|B,6CY0|1|C+6CY0|1|D,6CY0|1|E+6CY0|1|F,6CY0|1|G+6CY0|1|H"
"NR_2.5_27756.1","3D2V|1|A","3D2V|1|A,3D2X|1|A,3D2V|1|B,3D2G|1|A,3D2X|1|B,3D2G|1|B"
"NR_2.5_89129.1","1Z7F|1|B+1Z7F|1|C","1Z7F|1|B+1Z7F|1|C"
"NR_2.5_97847.1","6PUN|1|B","6PUN|1|B,6PUN|1|D"
"NR_2.5_13174.1","4E58|1|D+4E58|1|C+4E58|1|E","4E58|1|D+4E58|1|C+4E58|1|E"
"NR_2.5_34992.1","3L25|1|C+3L25|1|F","3L25|1|C+3L25|1|F,3L26|1|C"
"NR_2.5_41357.1","5EV3|1|B","5EV3|1|B,5EV2|1|B"
"NR_2.5_34681.1","5THE|1|H","5THE|1|H,5THE|1|F,5THE|1|B,5THE|1|D"
"NR_2.5_12260.3","3MXH|1|R","3MXH|1|R,4YB1|1|R"
"NR_2.5_21191.1","3BNT|1|A","3BNT|1|A"
"NR_2.5_08420.1","2A43|1|A","2A43|1|A"
"NR_2.5_14518.1","1FUF|1|A+1FUF|1|B","1FUF|1|A+1FUF|1|B,1IK5|1|A+1IK5|1|B"
"NR_2.5_40597.1","2HW8|1|B","2HW8|1|B"
"NR_2.5_56345.1","5SWD|1|B","5SWD|1|B,5E54|1|B,5E54|1|A,5SWD|1|A"
"NR_2.5_13312.1","5Y6Z|1|B+5Y6Z|1|C","5Y6Z|1|B+5Y6Z|1|C,5Y6Z|1|F+5Y6Z|1|G"
"NR_2.5_41668.1","4LJ0|1|C","4LJ0|1|C,4LJ0|1|D,4LJ0|1|E,7M50|1|TT+7M50|1|kk"
"NR_2.5_76177.1","2GXB|1|E+2GXB|1|F","2GXB|1|E+2GXB|1|F"
"NR_2.5_96169.2","7RYG|1|A","7RYG|1|A,7RYH|1|A,7M4Y|1|A,6YSI|1|1"
"NR_2.5_98152.1","4WTJ|1|T+4WTJ|1|P","4WTJ|1|T+4WTJ|1|P"
"NR_2.5_11837.1","5KLA|1|B","5KLA|1|B"
"NR_2.5_26402.1","2NUG|1|E+2NUG|1|F+2NUG|1|C+2NUG|1|D","2NUG|1|E+2NUG|1|F+2NUG|1|C+2NUG|1|D"
"NR_2.5_85536.1","5W1H|1|B","5W1H|1|B,5W1I|1|B,5W1I|1|D"
"NR_2.5_99291.1","2QKB|1|C","2QKB|1|C"
"NR_2.5_81965.1","6N6D|1|D","6N6D|1|D,6N6K|1|C,6N6K|1|D,7MW8|1|J,7MW8|1|K,7MW8|1|L,7MW8|1|M,7MW8|1|N,7MW8|1|O"
"NR_2.5_65223.4","6Q1H|1|D","6Q1H|1|D,6Q1H|1|H,6P7P|1|F,6P7P|1|E,6P7P|1|D,6VM6|1|J,6VM6|1|G,6WAN|1|K,6WAN|1|H,6WAN|1|G,6WAN|1|L,6WAN|1|I,6YWO|1|F,6WAN|1|J,6YWO|1|E,6YWO|1|K,6VM6|1|I,6VM6|1|H,6YWO|1|I,3GPQ|1|E,3GPQ|1|F,6VM6|1|K"
"NR_2.5_07714.1","6LSF|1|C+6LSF|1|B","6LSF|1|C+6LSF|1|B"
"NR_2.5_76114.1","3RKF|1|C","3RKF|1|C,3RKF|1|B,3RKF|1|A,3RKF|1|D"
"NR_2.5_22223.1","3CGP|1|B+3CGP|1|A","3CGP|1|B+3CGP|1|A"
"NR_2.5_09702.1","4RJ1|1|B","4RJ1|1|B"
"NR_2.5_18913.1","4QPX|1|P+4QPX|1|T","4QPX|1|P+4QPX|1|T"
"NR_2.5_32738.1","6XH2|1|D","6XH2|1|D,6CMN|1|D,6XH3|1|D"
"NR_2.5_09431.1","4PR6|1|B","4PR6|1|B"
"NR_2.5_96572.1","1UVL|1|B","1UVL|1|B,1UVL|1|F,1UVL|1|D"
"NR_2.5_37888.1","7O7Z|1|AH","7O7Z|1|AH"
"NR_2.5_99751.1","2HVY|1|E","2HVY|1|E"
"NR_2.5_59317.1","6DB9|1|R","6DB9|1|R,6DB8|1|R"
"NR_2.5_28506.1","3V6Y|1|B","3V6Y|1|B"
"NR_2.5_64918.10","6SCE|1|B","6SCE|1|B,6XL1|1|C,6SCF|1|I,6SCF|1|K,6YUD|1|K,6YUD|1|O,6SCF|1|M,6YUD|1|P,6SCF|1|L,6YUD|1|M,6YUD|1|Q,6WXQ|1|E,6W11|1|C,6O6X|1|D,4BA2|1|R,7BDV|1|F,7BDV|1|H,6O6X|1|C,7DID|1|C,6O7B|1|C,6O6V|1|C,6O6V|1|D,6O7B|1|D"
"NR_2.5_94767.1","6O5F|1|D+6O5F|1|C","6O5F|1|D+6O5F|1|C"
"NR_2.5_12763.21","7OF0|1|A","7OF0|1|A,7O9M|1|A,7OF7|1|A"
"NR_2.5_11762.2","7L6T|1|C","7L6T|1|C,7JYY|1|F,7L6R|1|C,7JYY|1|E,7JZ0|1|F,7JZ0|1|E"
"NR_2.5_64483.1","7M2V|1|QQ","7M2V|1|QQ"
"NR_2.5_25585.3","4Z4D|1|B+4Z4D|1|D","4Z4D|1|B+4Z4D|1|D,4Z4E|1|B+4Z4E|1|D,4W5O|1|B+4W5O|1|D,4Z4C|1|B+4Z4C|1|D,4Z4H|1|B+4Z4H|1|D,6CBD|1|B+6CBD|1|C,4W5T|1|B+4W5T|1|D,4W5R|1|B+4W5R|1|D"
"NR_2.5_52761.1","3TD0|1|B+3TD0|1|A","3TD0|1|B+3TD0|1|A"
"NR_2.5_19822.1","6RT6|1|A","6RT6|1|A,6RT6|1|E"
"NR_2.5_57264.1","7L0Z|1|G","7L0Z|1|G,5OB3|1|A"
"NR_2.5_67601.1","7MJV|1|E","7MJV|1|E"
"NR_2.5_21041.1","5MWI|1|A","5MWI|1|A"
"NR_2.5_96413.1","5LR5|1|C+5LR5|1|D","5LR5|1|C+5LR5|1|D,5LR5|1|A+5LR5|1|B"
"NR_2.5_25771.1","5D0A|1|F","5D0A|1|F,5D0A|1|E"
"NR_2.5_02657.1","5ZUU|1|I","5ZUU|1|I,5ZUU|1|G"
"NR_2.5_60469.1","4N0T|1|B","4N0T|1|B,5TF6|1|B,5TF6|1|D"
"NR_2.5_41718.1","4KYY|1|A+4KYY|1|B","4KYY|1|A+4KYY|1|B"
"NR_2.5_92029.1","6UGI|1|A","6UGI|1|A,6UGJ|1|A"
"NR_2.5_45693.1","3VJR|1|B","3VJR|1|B,3VJR|1|D"
"NR_2.5_40559.1","4PEH|1|W","4PEH|1|W,4PEH|1|V,4PEH|1|X,4PEH|1|Y"
"NR_2.5_09770.1","246D|1|A+246D|1|B","246D|1|A+246D|1|B"
"NR_2.5_61167.1","4U35|1|B+4U35|1|A","4U35|1|B+4U35|1|A"
"NR_2.5_29312.1","2V6W|1|A+2V6W|1|B","2V6W|1|A+2V6W|1|B"
"NR_2.5_33278.1","5LYS|1|B","5LYS|1|B,5LYV|1|B,5LYS|1|A,5LYU|1|B,5LYU|1|A,5LYV|1|A"
"NR_2.5_94396.3","4WAN|1|B","4WAN|1|B,4WAN|1|F,4WAN|1|H,4WAN|1|D,4WAL|1|B"
"NR_2.5_36712.2","2AB4|1|B","2AB4|1|B,1K8W|1|B"
"NR_2.5_48252.1","5XUZ|1|B","5XUZ|1|B,5XUZ|1|F,5XUT|1|B,5XUS|1|B,5XUU|1|B"
"NR_2.5_26816.1","3K5Z|1|B","3K5Z|1|B"
"NR_2.5_73441.1","5BJO|1|E","5BJO|1|E,5BJO|1|Y"
"NR_2.5_08239.1","6E8S|1|A","6E8S|1|A,6E8S|1|B"
"NR_2.5_19241.1","1JZV|1|B+1JZV|1|A","1JZV|1|B+1JZV|1|A,1JZV|1|D+1JZV|1|C"
"NR_2.5_46866.1","4BWM|1|G","4BWM|1|G"
"NR_2.5_86033.1","6DCL|1|D","6DCL|1|D"
"NR_2.5_38306.1","6DCL|1|C","6DCL|1|C"
"NR_2.5_17782.1","3R1C|1|Q+3R1C|1|R","3R1C|1|Q+3R1C|1|R,3R1C|1|T+3R1C|1|U,3R1C|1|M+3R1C|1|N,3R1C|1|A+3R1C|1|B,3R1C|1|O+3R1C|1|P,3R1C|1|V+3R1C|1|Z,3R1C|1|a+3R1C|1|b,3R1C|1|G+3R1C|1|H,3R1C|1|S+3R1C|1|Y"
"NR_2.5_44115.1","7M50|1|WW+7M50|1|V","7M50|1|WW+7M50|1|V"
"NR_2.5_72697.1","1T0E|1|A+1T0E|1|C","1T0E|1|A+1T0E|1|C"
"NR_2.5_88747.1","5NFV|1|B","5NFV|1|B"
"NR_2.5_07663.1","3RER|1|K","3RER|1|K,4HT9|1|E"
"NR_2.5_31728.1","7MJW|1|G","7MJW|1|G,7MJW|1|M,7MJX|1|M,7MJX|1|D"
"NR_2.5_95407.1","3R1D|1|A+3R1D|1|B","3R1D|1|A+3R1D|1|B,3R1D|1|C+3R1D|1|D"
"NR_2.5_18859.1","6JQ5|1|B+6JQ5|1|A","6JQ5|1|B+6JQ5|1|A"
"NR_2.5_73165.3","4PRF|1|B","4PRF|1|B,1VC0|1|B,1SJ3|1|R,2OIH|1|B,1DRZ|1|B"
"NR_2.5_99121.1","5FQ5|1|A","5FQ5|1|A,4UN4|1|A,4UN5|1|A,5FW1|1|A"
"NR_2.5_52030.1","6H9H|1|D","6H9H|1|D,6H9I|1|C,6H9I|1|E"
"NR_2.5_73942.1","1EFO|1|B","1EFO|1|B"
"NR_2.5_93599.1","5UDZ|1|W","5UDZ|1|W,5UDZ|1|V"
"NR_2.5_97043.1","6JVX|1|B","6JVX|1|B"
"NR_2.5_09579.1","5C5W|1|A","5C5W|1|A"
"NR_2.5_16983.1","1J9H|1|A+1J9H|1|B","1J9H|1|A+1J9H|1|B,1J9H|1|C+1J9H|1|D"
"NR_2.5_30457.14","7DCO|1|B","7DCO|1|B"
"NR_2.5_81724.1","3Q0N|1|D","3Q0N|1|D"
"NR_2.5_98055.1","3Q0S|1|B","3Q0S|1|B,3Q0N|1|C"
"NR_2.5_19513.1","438D|1|A+438D|1|B","438D|1|A+438D|1|B"
"NR_2.5_99181.1","1MSW|1|R","1MSW|1|R"
"NR_2.5_80112.1","4RCJ|1|B","4RCJ|1|B"
"NR_2.5_57261.1","6GD3|1|P","6GD3|1|P"
"NR_2.5_60897.2","6E0O|1|C","6E0O|1|C,6E0O|1|B,7P8Q|1|B"
"NR_2.5_86272.1","3MEI|1|A+3MEI|1|B","3MEI|1|A+3MEI|1|B"
"NR_2.5_51503.1","4X4T|1|G","4X4T|1|G,4X4T|1|B,4X4T|1|D"
"NR_2.5_25361.2","4E48|1|A+4E48|1|B","4E48|1|A+4E48|1|B,4JNX|1|B+4JNX|1|G,4E48|1|D"
"NR_2.5_40750.1","5ELH|1|R","5ELH|1|R"
"NR_2.5_58198.1","2R1S|1|A+2R1S|1|B","2R1S|1|A+2R1S|1|B,2R22|1|A+2R22|1|B,2R21|1|A+2R21|1|B,2R20|1|A+2R20|1|B"
"NR_2.5_40545.1","3KNC|1|B","3KNC|1|B"
"NR_2.5_72319.1","5LR3|1|A+5LR3|1|B","5LR3|1|A+5LR3|1|B"
"NR_2.5_08150.1","1YVP|1|G","1YVP|1|G"
"NR_2.5_84195.1","5ZSN|1|D","5ZSN|1|D,5ZSN|1|E"
"NR_2.5_76733.1","3DD2|1|B","3DD2|1|B"
"NR_2.5_49339.2","5DHC|1|C+5DHC|1|D","5DHC|1|C+5DHC|1|D,5DHC|1|A+5DHC|1|B,5HBX|1|C+5HBX|1|D,5HBX|1|A+5HBX|1|B,5V0J|1|A+5V0J|1|B"
"NR_2.5_41425.1","6DTD|1|C","6DTD|1|C"
"NR_2.5_37298.1","2ASB|1|B","2ASB|1|B"
"NR_2.5_03510.45","7PZY|1|A","7PZY|1|A"
"NR_2.5_80904.1","3FHT|1|C","3FHT|1|C"
"NR_2.5_17852.1","3CGR|1|B+3CGR|1|A","3CGR|1|B+3CGR|1|A"
"NR_2.5_38078.1","3MJ0|1|B","3MJ0|1|B"
"NR_2.5_15144.1","3FHT|1|D","3FHT|1|D"
"NR_2.5_99060.1","353D|1|A+353D|1|B","353D|1|A+353D|1|B"
"NR_2.5_46370.1","5K8H|1|A","5K8H|1|A"
"NR_2.5_37848.1","6HU6|1|A+6HU6|1|E","6HU6|1|A+6HU6|1|E"
"NR_2.5_36664.1","6H9H|1|E","6H9H|1|E"
"NR_2.5_82818.1","4KRF|1|R","4KRF|1|R"
"NR_2.5_35335.1","5Z4A|1|B","5Z4A|1|B"
"NR_2.5_10014.1","3QGC|1|B","3QGC|1|B,3QG9|1|B"
"NR_2.5_82140.1","1MDG|1|A","1MDG|1|A,1N7A|1|A,1N7A|1|B,1N7A|1|C,1N7A|1|D,1N7A|1|E,1N7A|1|F,1N7A|1|G,1N7A|1|H,1N7B|1|A,1N7B|1|B,1N7B|1|C,1N7B|1|D,1N7B|1|E,1N7B|1|F,1N7B|1|G,1N7B|1|H"
"NR_2.5_42502.1","5HR7|1|D","5HR7|1|D,5HR7|1|C"
"NR_2.5_28348.1","4JXZ|1|B","4JXZ|1|B,4JYZ|1|B"
"NR_2.5_26321.3","4QOZ|1|A","4QOZ|1|A,4QOZ|1|D"
"NR_2.5_61174.1","1H2C|1|R","1H2C|1|R"
"NR_2.5_56101.3","7O1A|1|B8","7O1A|1|B8"
"NR_2.5_55926.1","4E59|1|A+4E59|1|B","4E59|1|A+4E59|1|B"
"NR_2.5_53157.1","1CSL|1|B+1CSL|1|A","1CSL|1|B+1CSL|1|A"
"NR_2.5_00536.1","4GHL|1|E","4GHL|1|E,4GHL|1|F"
"NR_2.5_24985.1","6TQA|1|G","6TQA|1|G,6TQA|1|E,6TQA|1|F,6TQA|1|H"
"NR_2.5_70938.1","4XW0|1|A+4XW0|1|B","4XW0|1|A+4XW0|1|B"
"NR_2.5_33763.1","3D0M|1|X","3D0M|1|X"
"NR_2.5_93859.1","4J39|1|B","4J39|1|B,4J5V|1|B"
"NR_2.5_73746.1","2OE5|1|B+2OE5|1|A","2OE5|1|B+2OE5|1|A"
"NR_2.5_96884.1","7M50|1|bb+7M50|1|qq","7M50|1|bb+7M50|1|qq"
"NR_2.5_00196.1","7VNV|1|A","7VNV|1|A,7VNV|1|B"
"NR_2.5_06254.1","3P4C|1|A","3P4C|1|A"
"NR_2.5_83891.20","6S0Z|1|B","6S0Z|1|B,6S0X|1|B,7ASM|1|B"
"NR_2.5_72196.1","7KKV|1|B","7KKV|1|B,7K9D|1|B,7K9E|1|B,7K9E|1|D"
"NR_2.5_16825.1","1F27|1|A","1F27|1|A"
"NR_2.5_52157.1","7K5L|1|R","7K5L|1|R"
"NR_2.5_53294.1","1EC6|1|D","1EC6|1|D"
"NR_2.5_71760.1","6RA4|1|L+6RA4|1|M","6RA4|1|L+6RA4|1|M"
"NR_2.5_49071.1","5YKI|1|C","5YKI|1|C"
"NR_2.5_14193.1","6V9B|1|B+6V9B|1|D","6V9B|1|B+6V9B|1|D"
"NR_2.5_64766.1","6F4H|1|D","6F4H|1|D"
"NR_2.5_21529.1","6OZO|1|C+6OZO|1|D","6OZO|1|C+6OZO|1|D"
"NR_2.5_15746.1","7M50|1|e+7M50|1|P","7M50|1|e+7M50|1|P"
"NR_2.5_49464.2","5AY2|1|A+5AY2|1|B","5AY2|1|A+5AY2|1|B,5AY3|1|A+5AY3|1|B,5AY2|1|C+5AY2|1|D,5AY4|1|A+5AY4|1|B,7EDU|1|A+7EDU|1|B,7EDU|1|C+7EDU|1|D"
"NR_2.5_09810.1","4JRD|1|B","4JRD|1|B,4JRD|1|A,5VXQ|1|B,5VXQ|1|A"
"NR_2.5_73426.2","7Q4O|1|2+7Q4O|1|h","7Q4O|1|2+7Q4O|1|h,7Q3L|1|2,7Q4P|1|2"
"NR_2.5_66387.1","3OK4|1|N","3OK4|1|N,3OK4|1|D,3OK4|1|L,3OK4|1|Z,3OK4|1|4,3OK4|1|V,3OK4|1|X,3OK4|1|P,3OK4|1|F,3OK4|1|H,3OK4|1|J,3OK4|1|R,3OK4|1|T,3OK4|1|2,3OK4|1|B,3OK2|1|B,3OK2|1|D,3OK2|1|F"
"NR_2.5_66740.1","3T5N|1|C","3T5N|1|C"
"NR_2.5_78706.1","1ZCI|1|A+1ZCI|1|B","1ZCI|1|A+1ZCI|1|B,1ZCI|1|C+1ZCI|1|D,2FD0|1|A+2FD0|1|B,2FCZ|1|A+2FCZ|1|B,2FCZ|1|C+2FCZ|1|D,2FCY|1|A+2FCY|1|B,1Y3S|1|A+1Y3S|1|B,2FCX|1|A+2FCX|1|B,1YXP|1|A+1YXP|1|B,1XPE|1|A+1XPE|1|B,1XPF|1|A+1XPF|1|B,1XP7|1|A+1XP7|1|B"
"NR_2.5_49890.1","1NUV|1|E+1NUV|1|F","1NUV|1|E+1NUV|1|F,1NUV|1|C+1NUV|1|D,1NUJ|1|C+1NUJ|1|D,1NUJ|1|E+1NUJ|1|F"
"NR_2.5_96254.1","6N6H|1|D","6N6H|1|D"
"NR_2.5_21738.1","6SZV|1|R+6SZV|1|M","6SZV|1|R+6SZV|1|M"
"NR_2.5_12183.1","421D|1|B","421D|1|B"
"NR_2.5_57733.1","4H8K|1|C","4H8K|1|C"
"NR_2.5_13919.1","3AM1|1|B","3AM1|1|B"
"NR_2.5_37244.1","4R3I|0|B","4R3I|0|B"
"NR_2.5_92635.2","6L5N|1|C","6L5N|1|C"
"NR_2.5_75945.1","2OE8|1|B+2OE8|1|A","2OE8|1|B+2OE8|1|A,2OE6|1|B+2OE6|1|A"
"NR_2.5_35987.1","3B0U|1|B","3B0U|1|B,3B0U|1|A"
"NR_2.5_51514.1","6L5N|1|D","6L5N|1|D"
"NR_2.5_28499.1","6L1W|1|C","6L1W|1|C"
"NR_2.5_53884.1","3O7V|1|A","3O7V|1|A"
"NR_2.5_55642.1","4KQ0|1|B+4KQ0|1|E","4KQ0|1|B+4KQ0|1|E"
"NR_2.5_22904.1","3R1C|1|K+3R1C|1|L","3R1C|1|K+3R1C|1|L,3R1C|1|I+3R1C|1|J,3R1C|1|W+3R1C|1|X,3R1C|1|c+3R1C|1|d,3R1C|1|e+3R1C|1|f,3R1C|1|C+3R1C|1|D"
"NR_2.5_04400.1","6KWR|1|B","6KWR|1|B"
"NR_2.5_55576.1","6XRQ|1|A","6XRQ|1|A"
"NR_2.5_82754.1","6XRQ|1|B","6XRQ|1|B"
"NR_2.5_68126.1","420D|1|A+420D|1|B","420D|1|A+420D|1|B"
"NR_2.5_17726.3","6XUS|1|A","6XUS|1|A,6XUR|1|A,2Q1R|1|A,157D|1|A+157D|1|B"
"NR_2.5_36683.2","6AZ3|1|1+6AZ3|1|7","6AZ3|1|1+6AZ3|1|7"
"NR_2.5_52295.1","2ET8|1|A+2ET8|1|B","2ET8|1|A+2ET8|1|B,1O9M|1|A+1O9M|1|B"
"NR_2.5_43992.1","5AWH|1|C","5AWH|1|C,5AWH|1|E"
"NR_2.5_41959.1","3P22|1|A","3P22|1|A,3P22|1|E,3P22|1|C,3P22|1|G"
"NR_2.5_99953.1","1FEU|1|C+1FEU|1|B","1FEU|1|C+1FEU|1|B,1FEU|1|F+1FEU|1|E"
"NR_2.5_30547.1","4II9|1|C","4II9|1|C"
"NR_2.5_43988.1","5EMF|1|A","5EMF|1|A"
"NR_2.5_12971.6","7P7Q|1|B","7P7Q|1|B"
"NR_2.5_52453.4","3OL9|1|B+3OL9|1|F+3OL9|1|C+3OL9|1|G+3OL9|1|D+3OL9|1|H","3OL9|1|B+3OL9|1|F+3OL9|1|C+3OL9|1|G+3OL9|1|D+3OL9|1|H,3OL9|1|J+3OL9|1|N+3OL9|1|K+3OL9|1|O+3OL9|1|L+3OL9|1|P,3OLB|1|J+3OLB|1|N+3OLB|1|K+3OLB|1|O+3OLB|1|L+3OLB|1|P,3OLB|1|B+3OLB|1|F+3OLB|1|C+3OLB|1|G+3OLB|1|D+3OLB|1|H,3OL6|1|B+3OL6|1|F+3OL6|1|C+3OL6|1|G+3OL6|1|D+3OL6|1|H,3OL6|1|J+3OL6|1|N+3OL6|1|K+3OL6|1|O+3OL6|1|L+3OL6|1|P"
"NR_2.5_65417.1","6YRQ|1|E","6YRQ|1|E,6YRQ|1|H,6YRQ|1|G,6YRQ|1|F,6YRB|1|C,6YRB|1|D"
"NR_2.5_87323.1","7S3H|1|R","7S3H|1|R"
"NR_2.5_36794.1","1G2J|1|A","1G2J|1|A"
"NR_2.5_42241.3","7TZS|1|X","7TZS|1|X,2GDI|1|X,2GDI|1|Y,7TZS|1|Y,7TDA|1|A,2HOJ|1|A,7TDC|1|A"
"NR_2.5_30582.1","5Z98|1|C","5Z98|1|C"
"NR_2.5_85489.1","5Z98|1|D","5Z98|1|D"
"NR_2.5_82939.1","3ND4|1|A","3ND4|1|A"
"NR_2.5_19387.1","5W0O|1|C+5W0O|1|D","5W0O|1|C+5W0O|1|D"
"NR_2.5_39119.1","2G92|1|A+2G92|1|B","2G92|1|A+2G92|1|B"
"NR_2.5_23301.1","3HSB|1|X","3HSB|1|X"
"NR_2.5_98374.1","2I82|1|F","2I82|1|F,2I82|1|E,2I82|1|G,2I82|1|H"
"NR_2.5_86909.1","7A9N|1|K+7A9N|1|L","7A9N|1|K+7A9N|1|L,6ZRS|1|K+6ZRS|1|L,7A9O|1|K+7A9O|1|L,6ZR1|1|K+6ZR1|1|L,6ZQ9|1|K+6ZQ9|1|L,6ZPF|1|K+6ZPF|1|L,6ZWU|1|M+6ZWU|1|N,7A9T|1|K+7A9T|1|L,6ZW3|1|M+6ZW3|1|N,6ZX5|1|K+6ZX5|1|L,7A9Q|1|K+7A9Q|1|L,439D|1|A+439D|1|B,7A9L|1|M+7A9L|1|N,6ZRL|1|M+6ZRL|1|N,6ZX8|1|K+6ZX8|1|L,7A9S|1|K+7A9S|1|L,7A9R|1|M+7A9R|1|N,7A9P|1|M+7A9P|1|N"
"NR_2.5_13974.1","7NJC|1|B","7NJC|1|B"
"NR_2.5_26582.1","4K27|1|U","4K27|1|U"
"NR_2.5_88361.1","7M50|1|h+7M50|1|S","7M50|1|h+7M50|1|S"
"NR_2.5_48149.1","4RMO|1|B","4RMO|1|B,4RMO|1|D,4RMO|1|H,4RMO|1|F,4RMO|1|J,4RMO|1|L,4RMO|1|N,4RMO|1|P"
"NR_2.5_45159.1","4J50|1|A+4J50|1|B","4J50|1|A+4J50|1|B,3SYW|1|A+3SYW|1|B,4YN6|1|A+4YN6|1|B"
"NR_2.5_74023.9","6S0X|1|a","6S0X|1|a"
"NR_2.5_47141.1","4RC0|1|A","4RC0|1|A"
"NR_2.5_42633.1","3NNA|1|B","3NNA|1|B"
"NR_2.5_87784.1","1ZX7|1|C+1ZX7|1|E+1ZX7|1|D+1ZX7|1|F","1ZX7|1|C+1ZX7|1|E+1ZX7|1|D+1ZX7|1|F,1ZX7|1|A+1ZX7|1|G+1ZX7|1|B+1ZX7|1|H"
"NR_2.5_02834.1","472D|1|A+472D|1|B","472D|1|A+472D|1|B"
"NR_2.5_97545.1","7A9X|1|B","7A9X|1|B"
"NR_2.5_47419.1","7M2V|1|S+7M2V|1|h","7M2V|1|S+7M2V|1|h,7M2V|1|ff+7M2V|1|xx,7M2V|1|P+7M2V|1|e,7M2V|1|TT+7M2V|1|i,7M2V|1|U"
"NR_2.5_86436.1","2PN4|1|A+2PN4|1|B","2PN4|1|A+2PN4|1|B,2PN4|1|C+2PN4|1|D"
"NR_2.5_10920.1","4ZLD|1|B","4ZLD|1|B"
"NR_2.5_97453.1","6OZP|1|c","6OZP|1|c,6OZP|1|d,6OZS|1|c,6OZS|1|d"
"NR_2.5_29085.1","1N78|1|C","1N78|1|C,1N78|1|D,2DXI|1|C,1N77|1|C,2DXI|1|D,1N77|1|D,2CV1|1|D,2CV1|1|C,2CV0|1|C,2CV0|1|D,1G59|1|B,1G59|1|D"
"NR_2.5_55153.1","3FS0|1|B+3FS0|1|A","3FS0|1|B+3FS0|1|A"
"NR_2.5_54588.1","7K98|1|C","7K98|1|C,7K98|1|F,7KA0|1|C,7K9M|1|C,7KAB|1|C,7KA0|1|F"
"NR_2.5_12661.1","7OS0|1|F","7OS0|1|F,7OS0|1|D"
"NR_2.5_79951.1","4OJI|1|A","4OJI|1|A"
"NR_2.5_00121.1","5ZQ0|1|B","5ZQ0|1|B"
"NR_2.5_24045.1","7M50|1|ll","7M50|1|ll"
"NR_2.5_07779.1","1NUV|1|A+1NUV|1|B","1NUV|1|A+1NUV|1|B,1NUV|1|G+1NUV|1|H,1NUJ|1|A+1NUJ|1|B,1NUJ|1|G+1NUJ|1|H"
"NR_2.5_44326.1","1YZ9|1|C+1YZ9|1|D+1YZ9|1|E+1YZ9|1|F","1YZ9|1|C+1YZ9|1|D+1YZ9|1|E+1YZ9|1|F"
"NR_2.5_84517.1","5FJC|1|A","5FJC|1|A,5FK4|1|A,3GX5|1|A,5FK3|1|A,5FK6|1|A,5FK1|1|A"
"NR_2.5_24132.2","4NIA|1|c","4NIA|1|c,4NIA|1|W,4NIA|1|a,4NIA|1|S+4NIA|1|h,4NIA|1|Y+4NIA|1|n,4NIA|1|R+4NIA|1|g,4NIA|1|d,4NIA|1|b,4NIA|1|T+4NIA|1|i,4NIA|1|V,4NIA|1|U,4NIA|1|P+4NIA|1|e,4NIA|1|Q,4NIA|1|X+4NIA|1|m,4NIA|1|Z,1A34|1|B+1A34|1|C,4OQ9|1|U,4OQ9|1|T+4OQ9|1|i,4OQ9|1|R+4OQ9|1|g,4OQ9|1|c,4OQ9|1|Q,4OQ9|1|S+4OQ9|1|h,4OQ9|1|W,4OQ9|1|Y+4OQ9|1|n,4OQ9|1|a,4OQ9|1|d,4OQ9|1|V,4OQ9|1|P+4OQ9|1|e,4OQ9|1|X+4OQ9|1|m,4OQ9|1|Z,4OQ9|1|b,4OQ8|1|B+4OQ8|1|C"
"NR_2.5_51748.1","3I62|1|B","3I62|1|B,3I61|1|B,3I5X|1|B,3I5Y|1|B"
"NR_2.5_88847.1","4F3T|1|R","4F3T|1|R"
"NR_2.5_91365.1","4C8Z|1|C","4C8Z|1|C"
"NR_2.5_65802.1","6D2Z|1|C","6D2Z|1|C"
"NR_2.5_84537.1","2AWE|1|D","2AWE|1|D,2AWE|1|G,2AWE|1|E,2AWE|1|A,2AWE|1|B,2AWE|1|C,2AWE|1|F,2AWE|1|H"
"NR_2.5_59870.1","3S49|1|E+3S49|1|F","3S49|1|E+3S49|1|F,3S49|1|C+3S49|1|D,3S49|1|A+3S49|1|B,3S49|1|G"
"NR_2.5_79830.1","7EAG|1|C+7EAG|1|D+7EAG|1|E+7EAG|1|F+7EAG|1|A+7EAG|1|B","7EAG|1|C+7EAG|1|D+7EAG|1|E+7EAG|1|F+7EAG|1|A+7EAG|1|B"
"NR_2.5_15094.1","6IA2|1|A+6IA2|1|B","6IA2|1|A+6IA2|1|B"
"NR_2.5_57955.2","1Q96|1|A","1Q96|1|A,1Q96|1|B,1Q96|1|C,1Q93|1|C,1Q93|1|A,1Q93|1|B,430D|1|A"
"NR_2.5_10469.1","1P79|1|A","1P79|1|A"
"NR_2.5_61884.1","4WTK|1|T+4WTK|1|P","4WTK|1|T+4WTK|1|P"
"NR_2.5_01073.1","5NWQ|1|A","5NWQ|1|A,5NY8|1|A,5NZD|1|A,5NZD|1|B,5NWQ|1|B,5O62|1|A,5NZ3|1|A,5O69|1|A,5NY8|1|B,5NZ3|1|B,5O62|1|B,5O69|1|B"
"NR_2.5_63152.1","1VQN|1|4","1VQN|1|4"
"NR_2.5_16274.1","4OAV|1|C","4OAV|1|C"
"NR_2.5_49228.1","4OAV|1|A","4OAV|1|A"
"NR_2.5_82332.1","6UV3|1|B","6UV3|1|B"
"NR_2.5_58017.1","4JNG|1|L","4JNG|1|L"
"NR_2.5_02622.1","4GHA|1|I+4GHA|1|J","4GHA|1|I+4GHA|1|J"
"NR_2.5_12137.1","4I67|1|B","4I67|1|B"
"NR_2.5_29370.1","5WWW|1|B","5WWW|1|B"
"NR_2.5_27306.1","4JF2|1|A","4JF2|1|A"
"NR_2.5_24974.1","1DUQ|1|B+1DUQ|1|A","1DUQ|1|B+1DUQ|1|A,1DUQ|1|D+1DUQ|1|C,1DUQ|1|F+1DUQ|1|E,1DUQ|1|H+1DUQ|1|G"
"NR_2.5_39003.1","1MHK|1|L+1MHK|1|S","1MHK|1|L+1MHK|1|S"
"NR_2.5_99000.1","6OZR|1|C+6OZR|1|D","6OZR|1|C+6OZR|1|D,6OZJ|1|C+6OZJ|1|D,6OZQ|1|C+6OZQ|1|D,6OZN|1|C+6OZN|1|D,6OZM|1|C+6OZM|1|D,6OZL|1|D+6OZL|1|C,6OZK|1|C+6OZK|1|D"
"NR_2.5_56235.1","4O41|1|C+4O41|1|D","4O41|1|C+4O41|1|D,4O41|1|B+4O41|1|A"
"NR_2.5_23362.1","5EBI|1|F","5EBI|1|F,5EBI|1|A,5EBI|1|H,5EBI|1|B,5EBI|1|D,5EBI|1|C,5EBI|1|E,5EBI|1|G"
"NR_2.5_49451.1","3G9Y|1|C","3G9Y|1|C"
"NR_2.5_99259.1","6VEM|1|A+6VEM|1|B","6VEM|1|A+6VEM|1|B"
"NR_2.5_63291.1","6GVY|1|C+6GVY|1|B","6GVY|1|C+6GVY|1|B"
"NR_2.5_35088.1","3LOA|1|B+3LOA|1|A","3LOA|1|B+3LOA|1|A"
"NR_2.5_95363.4","3K1V|1|A","3K1V|1|A"
"NR_2.5_33394.4","5B2T|1|A","5B2T|1|A,5B2R|1|A,5B2S|1|A,4OO8|1|B,4OO8|1|E"
"NR_2.5_52610.1","4PCJ|1|A","4PCJ|1|A,4FNJ|1|A"
"NR_2.5_89230.1","5F5H|1|C","5F5H|1|C"
"NR_2.5_58991.1","5F5H|1|D","5F5H|1|D"
"NR_2.5_83775.1","3TZR|1|A+3TZR|1|B","3TZR|1|A+3TZR|1|B"
"NR_2.5_58168.1","6AR5|1|B","6AR5|1|B"
"NR_2.5_42877.1","4OLA|1|B","4OLA|1|B"
"NR_2.5_94113.1","1EC6|1|C","1EC6|1|C"
"NR_2.5_12111.2","6D8A|1|C","6D8A|1|C,6D92|1|C,6D92|1|H,6D8P|1|E,6D8P|1|C,6D8A|1|H,6D9K|1|H,6D9K|1|C,6D95|1|B,6D95|1|H,6D8F|1|C,6D8F|1|H"
"NR_2.5_43560.1","3Q0L|1|D","3Q0L|1|D"
"NR_2.5_83181.1","2DLC|1|Y","2DLC|1|Y"
"NR_2.5_10913.1","3Q0L|1|C","3Q0L|1|C"
"NR_2.5_65010.1","2V7R|1|A+2V7R|1|B","2V7R|1|A+2V7R|1|B"
"NR_2.5_57770.1","1N35|1|C+1N35|1|B","1N35|1|C+1N35|1|B"
"NR_2.5_25162.1","3K5Q|1|B","3K5Q|1|B,7S02|1|B"
"NR_2.5_37536.1","6M6S|1|C+6M6S|1|D","6M6S|1|C+6M6S|1|D"
"NR_2.5_91231.1","3VYX|1|B+3VYX|1|C","3VYX|1|B+3VYX|1|C,2YKG|1|C+2YKG|1|D,3ZD7|1|C+3ZD7|1|D"
"NR_2.5_54128.1","3Q0R|1|B","3Q0R|1|B"
"NR_2.5_65401.1","3IEV|1|D","3IEV|1|D"
"NR_2.5_12093.1","1TFW|1|G+1TFW|1|J","1TFW|1|G+1TFW|1|J"
"NR_2.5_96683.5","5Z4J|1|B","5Z4J|1|B,5GMF|1|E,5GMF|1|H,5GMF|1|F,5GMF|1|G,6E4P|1|J,6E4P|1|K"
"NR_2.5_65678.1","1YVP|1|C+1YVP|1|D","1YVP|1|C+1YVP|1|D,1YVP|1|E+1YVP|1|F"
"NR_2.5_65232.1","4HOS|1|X","4HOS|1|X"
"NR_2.5_41539.1","2XZL|1|B","2XZL|1|B"
"NR_2.5_43624.1","7EIU|1|C","7EIU|1|C,7EIU|1|D"
"NR_2.5_70081.1","3IBK|1|B","3IBK|1|B"
"NR_2.5_28334.1","1KNZ|1|W","1KNZ|1|W,1KNZ|1|X,1KNZ|1|Z,1KNZ|1|Y"
"NR_2.5_86202.1","5M0I|1|F","5M0I|1|F"
"NR_2.5_90603.1","5M0I|1|E","5M0I|1|E"
"NR_2.5_81682.1","6PPV|1|H","6PPV|1|H"
"NR_2.5_41745.1","6DOY|1|B","6DOY|1|B"
"NR_2.5_82632.1","6YML|1|A","6YML|1|A,6YMK|1|A,6YMM|1|A,6YMJ|1|M,6YMJ|1|F,6YMK|1|M,6YMJ|1|A,6YMM|1|C,6YMK|1|O,6YMK|1|C,6YMI|1|M,6YMI|1|F,6YMI|1|A,6YMK|1|F,6YMK|1|I,6YLB|1|M,6YLB|1|I,6YML|1|C,6YLB|1|F,6YMI|1|C,6YLB|1|O,6YMI|1|O,6YMJ|1|C,6YLB|1|C,6YLB|1|A,6YMI|1|I,6YMJ|1|I,6YMJ|1|O"
"NR_2.5_00179.1","5EIM|1|C","5EIM|1|C,5EIM|1|D"
"NR_2.5_36634.1","2QUW|1|B","2QUW|1|B,2QUW|1|D"
"NR_2.5_59443.1","7M50|1|i+7M50|1|T","7M50|1|i+7M50|1|T"
"NR_2.5_80276.3","6E1S|1|A","6E1S|1|A,6E1T|1|A,6E1W|1|A,6E1U|1|A,7E9E|1|A,6VUH|1|A"
"NR_2.5_63265.1","3LA5|1|A","3LA5|1|A"
"NR_2.5_81635.1","1UVJ|1|F","1UVJ|1|F,1UVJ|1|D,1UVJ|1|E"
"NR_2.5_43595.1","5WWE|1|B","5WWE|1|B"
"NR_2.5_84026.2","5DHB|1|A+5DHB|1|B","5DHB|1|A+5DHB|1|B,5DHB|1|C+5DHB|1|D,5HBW|1|A+5HBW|1|B,6U89|1|A+6U89|1|B"
"NR_2.5_45851.1","1YTU|1|E+1YTU|1|F","1YTU|1|E+1YTU|1|F,1YTU|1|C+1YTU|1|D"
"NR_2.5_08327.1","435D|1|C+435D|1|D","435D|1|C+435D|1|D,435D|1|A+435D|1|B"
"NR_2.5_46216.1","3CGS|1|B+3CGS|1|A","3CGS|1|B+3CGS|1|A"
"NR_2.5_10769.1","1YVP|1|H","1YVP|1|H"
"NR_2.5_29415.1","6BSG|1|R","6BSG|1|R"
"NR_2.5_92730.1","7OX9|1|A","7OX9|1|A"
"NR_2.5_62764.1","5EV1|1|B","5EV1|1|B"
"NR_2.5_67384.2","7RYG|1|B","7RYG|1|B,7RYH|1|B,6YSI|1|5,7M4Y|1|B"
"NR_2.5_98632.6","7P7Q|1|A","7P7Q|1|A"
"NR_2.5_29423.1","4V4F|1|B6","4V4F|1|B6,4V4F|1|A5,4V4F|1|A3,4V4F|1|B0,4V4F|1|B9,4V4F|1|A2,4V4F|1|A8,4V4F|1|A1,4V4F|1|A9,4V4F|1|BZ,4V4F|1|B8,4V4F|1|B7,4V4F|1|B5,4V4F|1|A0,4V4F|1|A7,4V4F|1|A4,4V4F|1|AZ,4V4F|1|B3,4V4F|1|B1,4V4F|1|B4,4V4F|1|A6,4V4F|1|B2"
"NR_2.5_35816.1","3KMQ|1|B+3KMQ|1|C","3KMQ|1|B+3KMQ|1|C"
"NR_2.5_92831.2","7RYG|1|v","7RYG|1|v,7M4Y|1|v"
"NR_2.5_40570.1","6CK5|1|A","6CK5|1|A,6CK5|1|B"
"NR_2.5_15457.1","7BPV|1|S","7BPV|1|S"
"NR_2.5_70863.1","6SVS|1|A","6SVS|1|A,6SVS|1|B"
"NR_2.5_68928.1","4D25|1|D","4D25|1|D,4D26|1|D"
"NR_2.5_74556.1","5BZV|1|B","5BZV|1|B"
"NR_2.5_93427.1","5UD5|1|C","5UD5|1|C,5UD5|1|D"
"NR_2.5_28980.1","3P4C|1|B","3P4C|1|B,3P4B|1|A,3P4B|1|C,3P4B|1|D,3P4B|1|B,3P4B|1|F,3P4B|1|E"
"NR_2.5_00747.1","4H5P|1|F","4H5P|1|F,4H5P|1|E"
"NR_2.5_52626.1","3K64|1|B","3K64|1|B"
"NR_2.5_08416.1","1QBP|1|A+1QBP|1|B","1QBP|1|A+1QBP|1|B,1QBP|1|C+1QBP|1|D,1QBP|1|E+1QBP|1|F"
"NR_2.5_13395.1","3MDG|1|C","3MDG|1|C"
"NR_2.5_29253.1","6BGB|1|A+6BGB|1|B","6BGB|1|A+6BGB|1|B,6BGB|1|C"
"NR_2.5_36180.1","6SZV|1|V","6SZV|1|V"
"NR_2.5_95559.1","1R9F|1|C","1R9F|1|C,6BJG|1|C,6BJV|1|C"
"NR_2.5_99773.1","1R9F|1|B","1R9F|1|B,6BJG|1|D,6BJV|1|D"
"NR_2.5_73988.1","5L2L|1|D","5L2L|1|D,5L2L|1|C,5L2L|1|H,5L2L|1|G"
"NR_2.5_06133.1","4PEH|1|Z","4PEH|1|Z"
"NR_2.5_54592.1","464D|1|A+464D|1|B","464D|1|A+464D|1|B,464D|1|C+464D|1|D,466D|1|C+466D|1|D,466D|1|A+466D|1|B,4U37|1|A+4U37|1|B,4U38|1|A+4U38|1|B,4U38|1|C+4U38|1|D,4U38|1|E+4U38|1|F,4U38|1|G+4U38|1|H,434D|1|C+434D|1|D,434D|1|A+434D|1|B"
"NR_2.5_38877.1","1KFO|1|A","1KFO|1|A"
"NR_2.5_73255.1","485D|1|A+485D|1|B","485D|1|A+485D|1|B,6IBQ|1|A+6IBQ|1|B"
"NR_2.5_84036.1","3QGB|1|B","3QGB|1|B,3K5Y|1|B"
"NR_2.5_09706.1","2VPL|1|B","2VPL|1|B,2VPL|1|D"
"NR_2.5_66900.1","7M2V|1|X+7M2V|1|m","7M2V|1|X+7M2V|1|m"
"NR_2.5_33315.1","2A8V|1|E","2A8V|1|E"
"NR_2.5_04288.3","6N6E|1|D","6N6E|1|D"
"NR_2.5_41935.1","7MKY|1|A","7MKY|1|A,7LYJ|1|A"
"NR_2.5_47933.1","4NGD|1|B","4NGD|1|B,4NGB|1|B"
"NR_2.5_22464.1","1R3E|1|C","1R3E|1|C"
"NR_2.5_51826.1","1RNA|1|A+1RNA|1|B","1RNA|1|A+1RNA|1|B"
"NR_2.5_83946.1","5GUH|1|B","5GUH|1|B"
"NR_2.5_67797.1","7R9G|1|B","7R9G|1|B"
"NR_2.5_23187.1","3AGV|1|S","3AGV|1|S,3AGV|1|U"
"NR_2.5_68171.1","3R1C|1|E+3R1C|1|F","3R1C|1|E+3R1C|1|F,3R1C|1|i+3R1C|1|j,3R1C|1|g+3R1C|1|h"
"NR_2.5_35023.1","6SAG|1|R","6SAG|1|R"
"NR_2.5_35969.1","4NGC|1|B","4NGC|1|B"
"NR_2.5_04094.1","7M50|1|UU","7M50|1|UU"
"NR_2.5_15037.1","3PF4|1|R","3PF4|1|R"
"NR_2.5_37135.1","5ZSC|1|D","5ZSC|1|D,5ZSC|1|C"
"NR_2.5_30489.1","5LQO|1|A+5LQO|1|B","5LQO|1|A+5LQO|1|B"
"NR_2.5_59690.1","1F7U|1|B","1F7U|1|B"
"NR_2.5_72322.1","2Y9H|1|F","2Y9H|1|F,2Y9H|1|B"
"NR_2.5_46586.1","2Y9H|1|J","2Y9H|1|J,2Y9H|1|L"
"NR_2.5_15533.1","2Y9H|1|N","2Y9H|1|N,2Y9H|1|P"
"NR_2.5_24738.1","2Y9H|1|H","2Y9H|1|H,2Y9H|1|D"
"NR_2.5_92759.1","1FIX|1|A","1FIX|1|A"
"NR_2.5_19855.1","6FQR|1|C","6FQR|1|C"
"NR_2.5_50890.1","3JXQ|1|L+3JXQ|1|K","3JXQ|1|L+3JXQ|1|K,3JXQ|1|B+3JXQ|1|A,3JXR|1|A+3JXR|1|B,3JXR|1|K"
"NR_2.5_28532.1","2ATW|1|B","2ATW|1|B,2ATW|1|D"
"NR_2.5_24721.1","6PPP|1|A","6PPP|1|A,6PPP|1|I"
"NR_2.5_02378.1","4P43|1|B+4P43|1|A","4P43|1|B+4P43|1|A"
"NR_2.5_93339.3","6XL9|1|R","6XL9|1|R"
"NR_2.5_63343.1","5DNO|1|B","5DNO|1|B"
"NR_2.5_96295.1","3M7N|1|X","3M7N|1|X,3M7N|1|Z,3M7N|1|Y"
"NR_2.5_19209.1","5JAJ|1|X+5JAJ|1|Y","5JAJ|1|X+5JAJ|1|Y,5JB2|1|X+5JB2|1|Y"
"NR_2.5_68446.1","4U6K|1|A","4U6K|1|A,4U6K|1|C,4U6M|1|A,4U6L|1|A,479D|1|B,2DQP|1|B,2DQO|1|B,2DQQ|1|B"
"NR_2.5_84424.1","1GTN|1|W","1GTN|1|W"
"NR_2.5_26264.1","1JID|1|B","1JID|1|B"
"NR_2.5_49675.1","7BPF|1|A","7BPF|1|A,7BPF|1|B"
"NR_2.5_32973.1","5YTS|1|B","5YTS|1|B"
"NR_2.5_21658.1","2ZKO|1|C+2ZKO|1|D","2ZKO|1|C+2ZKO|1|D,6ZLC|1|C+6ZLC|1|D"
"NR_2.5_16130.1","1UTD|1|0","1UTD|1|0,1UTD|1|6,1UTD|1|Z,1UTD|1|4,1UTD|1|7,1UTD|1|9,1UTD|1|5,1UTD|1|3,1UTD|1|2,1UTD|1|8"
"NR_2.5_03986.1","1KD5|1|A+1KD5|1|B","1KD5|1|A+1KD5|1|B,1KD3|1|A+1KD3|1|B"
"NR_2.5_96260.1","1UTD|1|1","1UTD|1|1"
"NR_2.5_51124.1","6DU4|1|B","6DU4|1|B"
"NR_2.5_58299.1","2GRB|1|F","2GRB|1|F,2GRB|1|A,2GRB|1|C,2GRB|1|B,2GRB|1|E,2GRB|1|H,2GRB|1|G,2GRB|1|D"
"NR_2.5_71389.1","6M6R|1|B","6M6R|1|B"
"NR_2.5_23233.1","2Q66|1|X","2Q66|1|X"
"NR_2.5_72146.1","7M50|1|n+7M50|1|Y","7M50|1|n+7M50|1|Y"
"NR_2.5_56099.1","6F4H|1|B","6F4H|1|B,6F4H|1|F"
"NR_2.5_98428.1","6N6I|1|C","6N6I|1|C,6N6I|1|D,6N6A|1|D,7MPL|1|D,7MPL|1|H,7MPL|1|B,7MPL|1|J,7MPL|1|F,7MPL|1|N,7MPL|1|L,7MPL|1|P,6IJ2|1|F,6IJ2|1|G,6IJ2|1|H,6IJ2|1|E,3U2E|1|D,3U2E|1|C,7MPQ|1|R,5UEF|1|C,5UEF|1|D,4AFY|1|D,6OWL|1|B,6OWL|1|C,4AFY|1|C,6S0M|1|C,7MPU|1|D"
"NR_2.5_13447.1","6H0R|1|A","6H0R|1|A,6H0R|1|B"
"NR_2.5_72030.1","1ZH5|1|C+1ZH5|1|D","1ZH5|1|C+1ZH5|1|D,1YTY|1|C+1YTY|1|D"
"NR_2.5_36129.1","2VAL|1|A+2VAL|1|C","2VAL|1|A+2VAL|1|C,2VAL|1|B+2VAL|1|D"
"NR_2.5_46564.1","4ATO|1|G","4ATO|1|G"
"NR_2.5_14653.1","1DQF|1|B+1DQF|1|A","1DQF|1|B+1DQF|1|A"
"NR_2.5_46720.2","5DDP|1|A","5DDP|1|A,5DDP|1|B"
"NR_2.5_34318.1","6ZM2|1|B","6ZM2|1|B"
"NR_2.5_75326.1","1M5K|1|B","1M5K|1|B,1M5K|1|E,1M5O|1|B,1M5O|1|E,1M5V|1|B,1M5V|1|E"
"NR_2.5_98171.1","1ICG|1|A+1ICG|1|B","1ICG|1|A+1ICG|1|B,1ID9|1|A+1ID9|1|B"
"NR_2.5_98524.1","6GX6|1|B","6GX6|1|B"
"NR_2.5_09443.2","4K4S|1|B+4K4S|1|F+4K4S|1|C+4K4S|1|G+4K4S|1|D+4K4S|1|H","4K4S|1|B+4K4S|1|F+4K4S|1|C+4K4S|1|G+4K4S|1|D+4K4S|1|H"
"NR_2.5_14870.1","3BOY|1|D","3BOY|1|D"
"NR_2.5_92727.1","3K49|1|F","3K49|1|F,3K49|1|D,3K49|1|B"
"NR_2.5_01981.1","3T3O|1|B","3T3O|1|B"
"NR_2.5_04166.1","6YMC|1|A","6YMC|1|A,6YMC|1|B"
"NR_2.5_08831.2","2V3C|1|N","2V3C|1|N,2V3C|1|M,1LNG|1|B"
"NR_2.5_64844.1","3H5X|1|T+3H5X|1|P","3H5X|1|T+3H5X|1|P,3BSO|1|T+3BSO|1|P,3H5Y|1|T+3H5Y|1|P,3BSN|1|T+3BSN|1|P"
"NR_2.5_14980.1","3K61|1|B","3K61|1|B"
"NR_2.5_73445.1","4LX6|1|A","4LX6|1|A,4LX5|1|A"
"NR_2.5_45428.1","7OZQ|1|H","7OZQ|1|H,7OZQ|1|E,7OZQ|1|F,7OZQ|1|G"
"NR_2.5_97666.1","3Q0Q|1|B","3Q0Q|1|B"
"NR_2.5_57734.1","2BGG|1|P+2BGG|1|Q","2BGG|1|P+2BGG|1|Q,2BGG|1|R+2BGG|1|S"
"NR_2.5_68428.1","1D4R|1|B+1D4R|1|A","1D4R|1|B+1D4R|1|A,1D4R|1|C"
"NR_2.5_48702.2","6GC5|1|E","6GC5|1|E,6GC5|1|F,6GC5|1|H"
"NR_2.5_50067.1","3NNC|1|B","3NNC|1|B"
"NR_2.5_82184.1","6GC5|1|G","6GC5|1|G"
"NR_2.5_31074.2","4RKV|1|A","4RKV|1|A,4RNE|1|B,4RJ1|1|A,4RNE|1|C,4RNE|1|E,4RNE|1|D,4RNE|1|A,4RNE|1|G,4RNE|1|F,4RNE|1|H,1J8G|1|A,1J8G|1|C,1J8G|1|D"
"NR_2.5_41566.1","4RKV|1|B","4RKV|1|B,1J8G|1|B"
"NR_2.5_30317.1","4RWN|1|B+4RWN|1|C","4RWN|1|B+4RWN|1|C,4S3N|1|B+4S3N|1|C,4RWP|1|B+4RWP|1|C,4RWO|1|B+4RWO|1|C"
"NR_2.5_08138.1","5F0Q|1|C","5F0Q|1|C,5F0Q|1|E"
"NR_2.5_69766.1","4MCF|1|B+4MCF|1|D+4MCF|1|C+4MCF|1|A","4MCF|1|B+4MCF|1|D+4MCF|1|C+4MCF|1|A,4MCE|1|B+4MCE|1|A,4MCF|1|H+4MCF|1|G,4MCF|1|F+4MCF|1|E,4MCE|1|D+4MCE|1|C"
"NR_2.5_07579.1","4OHZ|1|B","4OHZ|1|B"
"NR_2.5_51980.1","3AVX|1|T+3AVX|1|G","3AVX|1|T+3AVX|1|G"
"NR_2.5_11791.1","3BSU|1|D","3BSU|1|D,3BSU|1|I"
"NR_2.5_05648.1","6HAU|1|D","6HAU|1|D"
"NR_2.5_85566.1","4GV6|1|C+4GV6|1|B","4GV6|1|C+4GV6|1|B,4GV3|1|C+4GV3|1|B,4GV9|1|F+4GV9|1|E"
"NR_2.5_65533.1","3OVB|1|C","3OVB|1|C,3OVA|1|C,3OVB|1|D"
"NR_2.5_03325.1","5ZUU|1|E+5ZUU|1|F","5ZUU|1|E+5ZUU|1|F"
"NR_2.5_33499.1","5ZQ8|1|D","5ZQ8|1|D,5ZQ8|1|C"
"NR_2.5_18848.1","6CB3|1|B","6CB3|1|B,6CB3|1|A,4Y1J|1|A,4Y1J|1|B"
"NR_2.5_49696.1","5LQT|1|A+5LQT|1|B","5LQT|1|A+5LQT|1|B"
"NR_2.5_80882.1","4Z31|1|E","4Z31|1|E,4Z31|1|F"
"NR_2.5_69465.1","7KUN|1|A+7KUN|1|B","7KUN|1|A+7KUN|1|B"
"NR_2.5_95023.1","2A8V|1|D","2A8V|1|D"
"NR_2.5_24558.1","2XNR|1|C","2XNR|1|C"
"NR_2.5_65789.1","6N6F|1|D","6N6F|1|D,7MPN|1|B,7MPN|1|N,7MPN|1|J,4OHY|1|B,7MPN|1|P,7MPN|1|H,7MPN|1|L,7MPN|1|D,7MPN|1|F,4OI1|1|B,4OI0|1|B"
"NR_2.5_16093.1","6UV2|1|C","6UV2|1|C"
"NR_2.5_83079.1","2P7E|1|A","2P7E|1|A,2P7D|1|A"
"NR_2.5_09332.1","2JLV|1|C","2JLV|1|C,2JLV|1|D,2JLX|1|C,2JLX|1|D,2JLU|1|C,2JLZ|1|D,2JLZ|1|C,2JLU|1|D,2JLY|1|C,2JLY|1|D"
"NR_2.5_33669.1","4PY5|1|B","4PY5|1|B"
"NR_2.5_37621.1","7M2V|1|T+7M2V|1|k","7M2V|1|T+7M2V|1|k"
"NR_2.5_54538.1","4JIY|1|A","4JIY|1|A"
"NR_2.5_07342.1","6WYB|1|B","6WYB|1|B"
"NR_2.5_59092.1","7AAP|1|T+7AAP|1|P","7AAP|1|T+7AAP|1|P"
"NR_2.5_60079.1","5X2G|1|B","5X2G|1|B,5X2H|1|B"
"NR_2.5_48564.1","6SX2|1|C+6SX2|1|D","6SX2|1|C+6SX2|1|D,6SX0|1|C+6SX0|1|D"
"NR_2.5_81496.1","5Y85|1|D","5Y85|1|D,5Y85|1|B,5Y87|1|D,5Y87|1|B"
"NR_2.5_71228.1","7PZY|1|1+7PZY|1|4","7PZY|1|1+7PZY|1|4"
"NR_2.5_64642.1","4XWW|1|E","4XWW|1|E"
"NR_2.5_09504.1","4XWW|1|D","4XWW|1|D"
"NR_2.5_75304.1","3AHU|1|X","3AHU|1|X"
"NR_2.5_53856.1","5JBG|1|X","5JBG|1|X"
"NR_2.5_95948.1","5VGW|1|A+5VGW|1|B","5VGW|1|A+5VGW|1|B"
"NR_2.5_74407.1","5XH7|1|B","5XH7|1|B,5XH6|1|B"
"NR_2.5_10146.1","7M50|1|X+7M50|1|m","7M50|1|X+7M50|1|m"
"NR_2.5_49362.3","280D|1|A+280D|1|B","280D|1|A+280D|1|B,280D|1|C+280D|1|D"
"NR_2.5_25125.1","3GM7|1|G+3GM7|1|H","3GM7|1|G+3GM7|1|H,1ZEV|1|A+1ZEV|1|B"
"NR_2.5_91027.1","5HK0|1|E","5HK0|1|E,5HK0|1|F"
"NR_2.5_39627.4","2R8S|1|R","2R8S|1|R,1HR2|1|B,1HR2|1|A,1GID|1|B,1GID|1|A"
"NR_2.5_86801.1","6G3B|1|C","6G3B|1|C"
"NR_2.5_49195.1","6LSE|1|C+6LSE|1|B","6LSE|1|C+6LSE|1|B"
"NR_2.5_27557.1","4KZD|1|R","4KZD|1|R,6B14|1|R,6B3K|1|R,4KZE|1|R"
"NR_2.5_93523.1","1ZBI|1|C","1ZBI|1|C,1ZBL|1|C"
"NR_2.5_59651.1","2OEU|1|A","2OEU|1|A"
"NR_2.5_75344.1","4QM6|1|D","4QM6|1|D,4QM6|1|C"
"NR_2.5_96460.1","4JZU|1|C","4JZU|1|C,4JZV|1|C"
"NR_2.5_27657.1","5VJ9|1|C","5VJ9|1|C,5VJ9|1|D,5VJ9|1|B,5VJ9|1|A,5VJB|1|D,5VJB|1|A,5VJB|1|C,5VJB|1|B"
"NR_2.5_23427.1","5YTV|1|B","5YTV|1|B"
"NR_2.5_18481.1","5EV4|1|B","5EV4|1|B"
"NR_2.5_81203.2","4K4Z|1|N+4K4Z|1|O+4K4Z|1|P","4K4Z|1|N+4K4Z|1|O+4K4Z|1|P,4K4Z|1|B+4K4Z|1|C+4K4Z|1|D,4K4X|1|J+4K4X|1|K+4K4X|1|L,4K4Z|1|J+4K4Z|1|K+4K4Z|1|L,4K4X|1|B+4K4X|1|C+4K4X|1|D,4K4Z|1|F+4K4Z|1|G+4K4Z|1|H,4K4X|1|F+4K4X|1|G+4K4X|1|H,4K4X|1|N+4K4X|1|O+4K4X|1|P"
"NR_2.5_30539.1","6SZU|1|V+6SZU|1|M","6SZU|1|V+6SZU|1|M"
"NR_2.5_30433.1","5EW4|1|B+5EW4|1|A","5EW4|1|B+5EW4|1|A,5EW7|1|B+5EW7|1|A"
"NR_2.5_65284.1","2ZUE|1|B","2ZUE|1|B,2ZUF|1|B"
"NR_2.5_24202.1","4PKD|1|V","4PKD|1|V"
"NR_2.5_84250.1","6U6Y|1|E","6U6Y|1|E"
"NR_2.5_05533.1","6U6Y|1|G","6U6Y|1|G"
"NR_2.5_08270.1","6U6Y|1|F","6U6Y|1|F"
"NR_2.5_67009.1","6U6Y|1|H","6U6Y|1|H"
"NR_2.5_18586.46","7TOP|1|A5S","7TOP|1|A5S"
"NR_2.5_06107.1","2VUQ|1|A+2VUQ|1|B","2VUQ|1|A+2VUQ|1|B"
"NR_2.5_07832.1","3IBK|1|A","3IBK|1|A"
"NR_2.5_36231.1","2ANN|1|B","2ANN|1|B,2ANR|1|B"
"NR_2.5_89332.1","1A9N|1|Q","1A9N|1|Q,1A9N|1|R"
"NR_2.5_89953.1","6RTI|1|X","6RTI|1|X"
"NR_2.5_77859.1","7CGK|1|B","7CGK|1|B"
"NR_2.5_07634.1","6HU6|1|B+6HU6|1|F","6HU6|1|B+6HU6|1|F"
"NR_2.5_51779.4","1Z7F|1|A","1Z7F|1|A,1YRM|1|C,1YRM|1|A+1YRM|1|B,405D|1|A+405D|1|B"
"NR_2.5_30079.1","5V1K|1|A+5V1K|1|B","5V1K|1|A+5V1K|1|B"
"NR_2.5_00518.1","5I9G|1|A","5I9G|1|A"
"NR_2.5_00429.1","6WXY|1|A","6WXY|1|A"
"NR_2.5_52315.1","4M4O|1|B","4M4O|1|B"
"NR_2.5_17264.1","2XSL|1|C+2XSL|1|D","2XSL|1|C+2XSL|1|D,2XSL|1|A+2XSL|1|B"
"NR_2.5_55424.1","3NKB|1|B","3NKB|1|B"
"NR_2.5_35133.5","2Z75|1|B","2Z75|1|B,2GCV|1|B,2Z74|1|B,2H0X|1|B,2H0W|1|B,2GCS|1|B,2H0S|1|B"
"NR_2.5_67171.1","418D|1|A+418D|1|B","418D|1|A+418D|1|B"
"NR_2.5_53426.1","4E6B|1|A+4E6B|1|B","4E6B|1|A+4E6B|1|B"
"NR_2.5_78797.5","4LVW|1|A","4LVW|1|A,4LVX|1|A,4LVY|1|A,4LW0|1|A,4LVV|1|A,4LVZ|1|A,7KD1|1|A,3SD3|1|A"
"NR_2.5_65220.1","6A6J|1|D","6A6J|1|D,6A6J|1|B,6A6L|1|D"
"NR_2.5_79612.1","1UVI|1|D","1UVI|1|D,1UVI|1|F,1UVI|1|E"
"NR_2.5_53890.1","2AO5|1|C+2AO5|1|D","2AO5|1|C+2AO5|1|D,2AO5|1|A+2AO5|1|B"
"NR_2.5_34126.1","3HAX|1|E","3HAX|1|E"
"NR_2.5_33378.1","3V74|1|B","3V74|1|B"
"NR_2.5_10291.1","6RT7|1|E","6RT7|1|E,6RT7|1|A"
"NR_2.5_65598.1","1TFW|1|H+1TFW|1|E","1TFW|1|H+1TFW|1|E,1TFW|1|I+1TFW|1|F"
"NR_2.5_03525.1","2BH2|1|D","2BH2|1|D,2BH2|1|C"
"NR_2.5_25856.1","2VOO|1|C","2VOO|1|C,2VOO|1|D"
"NR_2.5_12677.1","402D|1|A+402D|1|B","402D|1|A+402D|1|B"
"NR_2.5_61988.1","3OG8|1|C+3OG8|1|D","3OG8|1|C+3OG8|1|D"
"NR_2.5_18996.1","1DI2|1|E","1DI2|1|E,1DI2|1|C+1DI2|1|D,1RC7|1|B+1RC7|1|C,1RC7|1|D+1RC7|1|E,1DI2|1|G"
"NR_2.5_43515.1","6DP8|1|B","6DP8|1|B"
"NR_2.5_29524.1","2J0S|1|E","2J0S|1|E"
"NR_2.5_73803.1","5VOE|1|A","5VOE|1|A,5VOF|1|A"
"NR_2.5_93701.1","5V3F|1|A","5V3F|1|A,5V3F|1|B"
"NR_2.5_67358.1","7P9I|1|E","7P9I|1|E,7P9I|1|D"
"NR_2.5_96160.1","3CJZ|1|A+3CJZ|1|B","3CJZ|1|A+3CJZ|1|B"
"NR_2.5_18726.1","6MFN|1|E+6MFN|1|C","6MFN|1|E+6MFN|1|C"
"NR_2.5_51111.1","4NIA|1|o","4NIA|1|o,4NIA|1|p,4NIA|1|s,4NIA|1|j,4NIA|1|r,4NIA|1|k,4NIA|1|l,4NIA|1|q,4NIA|1|f,4OQ9|1|p,4OQ9|1|k,4OQ9|1|o,4OQ9|1|r,4OQ9|1|j,4OQ9|1|q,4OQ9|1|f,4OQ9|1|l,4OQ9|1|s"
"NR_2.5_91665.5","4QCL|1|B","4QCL|1|B"
"NR_2.5_31898.1","5U0Q|1|C+5U0Q|1|D","5U0Q|1|C+5U0Q|1|D,5U0Q|1|A+5U0Q|1|B,5TKO|1|A+5TKO|1|B,5TKO|1|C+5TKO|1|D"
"NR_2.5_84656.1","7OAX|1|A","7OAX|1|A,7OAX|1|D,7OAX|1|C,7OAX|1|B"
"NR_2.5_40252.1","2QUS|1|A","2QUS|1|A,2QUS|1|B"
"NR_2.5_68262.1","3X1L|1|I","3X1L|1|I"
"NR_2.5_81896.1","3GLP|1|B+3GLP|1|A","3GLP|1|B+3GLP|1|A,3GLP|1|C+3GLP|1|D,3GLP|1|E"
"NR_2.5_30422.1","2VNU|1|B","2VNU|1|B"
"NR_2.5_43481.3","7RYG|1|a","7RYG|1|a,7RYH|1|a,7M4Y|1|a"
"NR_2.5_19056.1","5WWG|1|B","5WWG|1|B"
"NR_2.5_88266.1","1G2E|1|B","1G2E|1|B"
"NR_2.5_69774.1","5H1K|1|C+5H1K|1|D","5H1K|1|C+5H1K|1|D"
"NR_2.5_86056.1","7M2V|1|V+7M2V|1|ww","7M2V|1|V+7M2V|1|ww"
"NR_2.5_31480.1","4YAZ|1|R","4YAZ|1|R,4YAZ|1|A,4YB0|1|R,4YB0|1|A"
"NR_2.5_39569.1","4YYE|1|C","4YYE|1|C,4YYE|1|D"
"NR_2.5_31288.1","4C8Y|1|C","4C8Y|1|C"
"NR_2.5_40560.1","3OIN|1|C","3OIN|1|C"
"NR_2.5_70313.2","5H9F|1|L","5H9F|1|L"
"NR_2.5_56855.1","4IQX|1|B+4IQX|1|C","4IQX|1|B+4IQX|1|C,3KMS|1|B+3KMS|1|C"
"NR_2.5_08692.3","2NZ4|1|Q","2NZ4|1|Q,2NZ4|1|R,2NZ4|1|P,2NZ4|1|S"
"NR_2.5_45731.1","6LSG|1|B+6LSG|1|C","6LSG|1|B+6LSG|1|C"
"NR_2.5_01810.1","3KS8|1|E+3KS8|1|F","3KS8|1|E+3KS8|1|F"
"NR_2.5_45842.1","6GD2|1|D","6GD2|1|D"
"NR_2.5_33685.1","4E6B|1|E+4E6B|1|F","4E6B|1|E+4E6B|1|F"
"NR_2.5_62528.1","5EEU|1|W","5EEU|1|W,5EEV|1|W,5EEX|1|W,5EEW|1|W,5EEY|1|W,5EEZ|1|W,5EF0|1|W,1GTF|1|W,5EF1|1|W,5EF2|1|W,5EF3|1|W"
"NR_2.5_04852.2","2UWM|1|D","2UWM|1|D,2UWM|1|C,1WSU|1|E,1WSU|1|F,1WSU|1|G"
"NR_2.5_17495.1","3SSF|1|A","3SSF|1|A"
"NR_2.5_58318.1","406D|1|A+406D|1|E","406D|1|A+406D|1|E"
"NR_2.5_45166.1","5DET|1|Q","5DET|1|Q"
"NR_2.5_89128.1","5DET|1|P","5DET|1|P"
"NR_2.5_30844.1","1QC0|1|B+1QC0|1|A","1QC0|1|B+1QC0|1|A"
"NR_2.5_98573.1","4Z0C|1|C","4Z0C|1|C,4Z0C|1|B"
"NR_2.5_24114.1","6NOH|1|B","6NOH|1|B,6NOF|1|B"
"NR_2.5_84559.1","6E8U|1|B","6E8U|1|B"
"NR_2.5_66760.1","5I9F|1|F","5I9F|1|F"
"NR_2.5_57114.1","5N94|1|D","5N94|1|D,5N94|1|C"
"NR_2.5_20857.1","5VAJ|1|C","5VAJ|1|C"
"NR_2.5_45187.1","4YOE|1|E","4YOE|1|E"
"NR_2.5_78430.1","4QVD|1|H","4QVD|1|H"
"NR_2.5_79329.1","332D|1|A+332D|1|B","332D|1|A+332D|1|B"
"NR_2.5_68652.1","3QRP|1|B+3QRP|1|C","3QRP|1|B+3QRP|1|C"
"NR_2.5_24908.1","5GXI|1|B","5GXI|1|B"
"NR_2.5_16515.1","7N06|1|G","7N06|1|G,7N06|1|H,7N06|1|I,7N06|1|J,7N06|1|K,7N06|1|L,7N33|1|G,7N33|1|H,7N33|1|I,7N33|1|J,7N33|1|K,7N33|1|L"
"NR_2.5_62367.1","1MJI|1|D","1MJI|1|D,1MJI|1|C"
"NR_2.5_85762.1","3K62|1|B","3K62|1|B"
"NR_2.5_36371.1","283D|1|A","283D|1|A"
"NR_2.5_57322.1","7S3B|1|B","7S3B|1|B"
"NR_2.5_23784.1","1QCU|1|A+1QCU|1|B","1QCU|1|A+1QCU|1|B"
"NR_2.5_36012.1","7ECO|1|E+7ECO|1|F","7ECO|1|E+7ECO|1|F,7ECO|1|A+7ECO|1|B,7ECO|1|C+7ECO|1|D"
"NR_2.5_80567.1","3GVN|1|A+3GVN|1|B","3GVN|1|A+3GVN|1|B"
"NR_2.5_44868.1","6FZ0|1|A","6FZ0|1|A"
"NR_2.5_75428.1","7BPG|1|G","7BPG|1|G,7BPG|1|A,7BPG|1|E,7BPG|1|C"
"NR_2.5_12561.1","6QN3|1|A+6QN3|1|B","6QN3|1|A+6QN3|1|B"
"NR_2.5_20306.1","4ZLR|1|C","4ZLR|1|C"
"NR_2.5_12080.1","3HGA|1|X","3HGA|1|X,1OSU|1|A"
"NR_2.5_94195.1","6XLW|1|B","6XLW|1|B,6XLV|1|B,6XLX|1|B"
"NR_2.5_14959.1","6DCC|1|B","6DCC|1|B,6DCB|1|B"
"NR_2.5_54657.1","2FQN|1|A+2FQN|1|B","2FQN|1|A+2FQN|1|B"
"NR_2.5_50990.1","4U34|1|B+4U34|1|A","4U34|1|B+4U34|1|A"
"NR_2.5_65600.1","2XLK|1|C","2XLK|1|C,2XLK|1|D,2XLI|1|B"
"NR_2.5_41922.1","4KTG|1|B","4KTG|1|B,4KTG|1|E"
"NR_2.5_78931.1","4KNQ|1|B","4KNQ|1|B"
"NR_2.5_00935.1","7NDJ|1|C","7NDJ|1|C"
"NR_2.5_70871.1","377D|1|A+377D|1|B","377D|1|A+377D|1|B,377D|1|C+377D|1|D"
"NR_2.5_77810.2","6D1V|1|C","6D1V|1|C,4S2X|1|B,4S2Y|1|B"
"NR_2.5_73713.1","4Z31|1|C+4Z31|1|D","4Z31|1|C+4Z31|1|D"
"NR_2.5_23650.1","2A0P|1|A+2A0P|1|B","2A0P|1|A+2A0P|1|B,259D|1|A+259D|1|B,1RXB|1|A+1RXB|1|B"
"NR_2.5_97537.1","3P4D|1|B","3P4D|1|B,3P4D|1|A"
"NR_2.5_01901.1","7KFN|1|B+7KFN|1|C","7KFN|1|B+7KFN|1|C"
"NR_2.5_70420.1","1J1U|1|B","1J1U|1|B"
"NR_2.5_14212.1","5HO4|1|B","5HO4|1|B"
"NR_2.5_79785.1","6VRD|1|B","6VRD|1|B"
"NR_2.5_67574.1","5F8N|1|B+5F8N|1|C","5F8N|1|B+5F8N|1|C"
"NR_2.5_43343.1","7D3J|1|B","7D3J|1|B"
"NR_2.5_09020.1","5ELT|1|F","5ELT|1|F,5ELT|1|E"
"NR_2.5_64006.2","7C79|1|A","7C79|1|A"
"NR_2.5_48255.1","7K16|1|P","7K16|1|P"
"NR_2.5_68289.1","4F02|1|B","4F02|1|B,4F02|1|E"
"NR_2.5_55334.1","5ELK|1|R","5ELK|1|R"
"NR_2.5_26733.1","2G4B|1|B","2G4B|1|B"
"NR_2.5_37735.1","1L2X|1|A","1L2X|1|A,437D|1|A"
"NR_2.5_07071.1","6JJH|1|B","6JJH|1|B"
"NR_2.5_20040.1","6UV1|1|D","6UV1|1|D"
"NR_2.5_83260.1","5Z4D|1|B","5Z4D|1|B"
"NR_2.5_21705.1","3SKI|1|A","3SKI|1|A,3SKI|1|B,3SLQ|1|A,3SLQ|1|B"
"NR_2.5_81653.1","1J6S|1|A","1J6S|1|A,1J6S|1|C,1J6S|1|D,1J6S|1|B"
"NR_2.5_19715.1","255D|1|A","255D|1|A"
"NR_2.5_46403.1","3BNN|1|C+3BNN|1|D","3BNN|1|C+3BNN|1|D,3BNN|1|A+3BNN|1|B,3BNO|1|A+3BNO|1|B,3BNO|1|C+3BNO|1|D"
"NR_2.5_27566.1","5WS2|1|D","5WS2|1|D,5HAB|1|C,5WS2|1|C,5HAB|1|D"
"NR_2.5_44600.1","2XS5|1|D","2XS5|1|D,2XS5|1|C"
"NR_2.5_06970.1","4GG4|1|H","4GG4|1|H"
"NR_2.5_40126.1","1M8W|1|E","1M8W|1|E"
"NR_2.5_14136.1","1DFU|1|M+1DFU|1|N","1DFU|1|M+1DFU|1|N"
"NR_2.5_81068.1","1M8W|1|C","1M8W|1|C,1M8X|1|C"
"NR_2.5_93459.1","1M8W|1|F","1M8W|1|F"
"NR_2.5_72021.1","4PQV|1|A","4PQV|1|A"
"NR_2.5_82984.1","4ENC|1|A","4ENC|1|A,4ENB|1|A"
"NR_2.5_32613.1","7O7Y|1|AI","7O7Y|1|AI,7O7Z|1|AI"
"NR_2.5_43901.1","1R3E|1|D+1R3E|1|E","1R3E|1|D+1R3E|1|E"
"NR_2.5_82961.1","3GIB|1|H","3GIB|1|H"
"NR_2.5_22108.1","7O7Y|1|AT","7O7Y|1|AT,7O7Z|1|AT"
"NR_2.5_64397.1","7P7Q|1|D","7P7Q|1|D"
"NR_2.5_02841.1","7ECN|1|A+7ECN|1|B","7ECN|1|A+7ECN|1|B,7ECN|1|C+7ECN|1|D,7ECM|1|A+7ECM|1|B,7ECM|1|C+7ECM|1|D"
"NR_2.5_54156.1","5EME|1|A","5EME|1|A"
"NR_2.5_36895.1","7CGH|1|B","7CGH|1|B"
"NR_2.5_02089.1","4G9Z|1|E+4G9Z|1|F","4G9Z|1|E+4G9Z|1|F"
"NR_2.5_79446.1","2G91|1|A+2G91|1|B","2G91|1|A+2G91|1|B"
"NR_2.5_81333.1","3WBM|1|X+3WBM|1|Y","3WBM|1|X+3WBM|1|Y"
"NR_2.5_42126.1","2B3J|1|E","2B3J|1|E,2B3J|1|F,2B3J|1|H"
"NR_2.5_80074.1","7MLX|1|R","7MLX|1|R"
"NR_2.5_32733.1","2PO1|1|C","2PO1|1|C"
"NR_2.5_21689.1","2B3J|1|G","2B3J|1|G"
"NR_2.5_85397.1","6EEN|1|G","6EEN|1|G"
"NR_2.5_07366.1","6EEN|1|F","6EEN|1|F"
"NR_2.5_20951.1","6U8D|1|A","6U8D|1|A"
"NR_2.5_06759.1","6EEN|1|I","6EEN|1|I"
"NR_2.5_18559.1","6EEN|1|H","6EEN|1|H"
"NR_2.5_56204.1","6UGG|1|B","6UGG|1|B,6UGG|1|A,1C0A|1|B"
"NR_2.5_55974.1","7S3C|1|B","7S3C|1|B"
"NR_2.5_65501.1","7MJY|1|M","7MJY|1|M"
"NR_2.5_30439.1","3EGZ|1|B","3EGZ|1|B"
"NR_2.5_62516.1","3SJ2|1|A+3SJ2|1|B","3SJ2|1|A+3SJ2|1|B"
"NR_2.5_05778.1","5GXH|1|B","5GXH|1|B"
"NR_2.5_17672.1","7M2V|1|yy+7M2V|1|zz","7M2V|1|yy+7M2V|1|zz"
"NR_2.5_23835.1","5XTM|1|B","5XTM|1|B"
"NR_2.5_12687.1","4RBZ|1|A","4RBZ|1|A"
"NR_2.5_85126.1","5BZU|1|B","5BZU|1|B"
"NR_2.5_03341.1","4HOR|1|X","4HOR|1|X"
"NR_2.5_26209.1","6FQL|1|B","6FQL|1|B"
"NR_2.5_39323.1","3ADL|1|B+3ADL|1|C","3ADL|1|B+3ADL|1|C"
"NR_2.5_97569.1","2W89|1|A+2W89|1|B","2W89|1|A+2W89|1|B,2W89|1|C+2W89|1|D"
"NR_2.5_57060.1","1DQH|1|B+1DQH|1|A","1DQH|1|B+1DQH|1|A"
"NR_2.5_11347.1","7PO6|1|F","7PO6|1|F,7PO6|1|D,7PO6|1|E"
"NR_2.5_70496.1","1Y27|1|X","1Y27|1|X"
"NR_2.5_40386.1","5WLH|1|B","5WLH|1|B"
"NR_2.5_03183.1","4XW1|1|C","4XW1|1|C"
"NR_2.5_99184.1","433D|1|A+433D|1|B","433D|1|A+433D|1|B"
"NR_2.5_12608.1","3R2D|1|R+3R2D|1|S","3R2D|1|R+3R2D|1|S"
"NR_2.5_40086.1","4JGN|1|E","4JGN|1|E,4JK0|1|B"
"NR_2.5_37706.1","6OZP|1|C+6OZP|1|D","6OZP|1|C+6OZP|1|D,6OZS|1|C+6OZS|1|D"
"NR_2.5_94840.1","404D|1|A","404D|1|A"
"NR_2.5_27378.1","1QLN|1|R","1QLN|1|R"
"NR_2.5_09807.1","6LSH|1|B+6LSH|1|C","6LSH|1|B+6LSH|1|C"
"NR_2.5_83188.1","6OON|1|B","6OON|1|B"
"NR_2.5_18633.1","7JRR|1|A","7JRR|1|A"
"NR_2.5_63789.1","3ADD|1|C","3ADD|1|C,3ADD|1|D"
"NR_2.5_79481.1","4RBQ|1|A","4RBQ|1|A,5DA6|1|A"
"NR_2.5_35200.1","5KI6|1|B","5KI6|1|B"
"NR_2.5_73160.1","6UV4|1|C","6UV4|1|C"
"NR_2.5_75659.1","6UEJ|1|B","6UEJ|1|B"
"NR_2.5_43225.1","7KGA|1|B","7KGA|1|B"
"NR_2.5_86192.1","7KGA|1|A","7KGA|1|A"
"NR_2.5_99575.1","7D8O|1|B","7D8O|1|B,7D8O|1|F,7D8O|1|H,7D8O|1|L,7D8O|1|D,7D8O|1|J"
"NR_2.5_72172.1","5CCB|1|N","5CCB|1|N,5CCX|1|N"
"NR_2.5_83745.1","5T3K|1|A+5T3K|1|B","5T3K|1|A+5T3K|1|B,5T3K|1|C+5T3K|1|D,1T0D|1|C+1T0D|1|D,1T0D|1|A+1T0D|1|B"
"NR_2.5_09192.1","5ID6|1|G","5ID6|1|G"
"NR_2.5_83386.1","1U0B|1|A","1U0B|1|A"
"NR_2.5_90819.1","413D|1|A","413D|1|A"
"NR_2.5_68957.1","2PJP|1|B","2PJP|1|B"
"NR_2.5_56203.1","5I4A|1|D","5I4A|1|D,5I4A|1|B"
"NR_2.5_71707.1","2VON|1|C","2VON|1|C,2VON|1|D"
"NR_2.5_73551.1","1SDS|1|D","1SDS|1|D,1SDS|1|E,1SDS|1|F"
"NR_2.5_82993.1","5YTX|1|B","5YTX|1|B"
"NR_2.5_33509.1","3MDI|1|C","3MDI|1|C"
"NR_2.5_57688.1","409D|1|C+409D|1|D","409D|1|C+409D|1|D,409D|1|A+409D|1|B,409D|1|E+409D|1|F"
"NR_2.5_47227.1","4G0A|1|H","4G0A|1|H"
"NR_2.5_38781.1","3R9W|1|B","3R9W|1|B"
"NR_2.5_48507.1","5GJB|1|B","5GJB|1|B"
"NR_2.5_80680.1","3R1D|1|E","3R1D|1|E"
"NR_2.5_08340.1","7N0D|1|I+7N0D|1|L+7N0D|1|J","7N0D|1|I+7N0D|1|L+7N0D|1|J,7N0D|1|T+7N0D|1|K+7N0D|1|P"
"NR_2.5_26836.2","4BW0|1|A","4BW0|1|A"
"NR_2.5_96179.1","7RYG|1|w","7RYG|1|w"
"NR_2.5_50760.1","6TQB|1|B","6TQB|1|B"
"NR_2.5_13603.1","7KQN|1|E","7KQN|1|E,7KQN|1|B"
"NR_2.5_60357.1","3KOA|1|B+3KOA|1|C","3KOA|1|B+3KOA|1|C"
"NR_2.5_78647.1","6KUG|1|B","6KUG|1|B,6KTC|1|V"
"NR_2.5_84932.1","5WWF|1|B","5WWF|1|B,5WWF|1|D"
"NR_2.5_87252.1","2Y8W|1|B","2Y8W|1|B"
"NR_2.5_41964.1","4O8J|1|D","4O8J|1|D,4O8J|1|E"
"NR_2.5_78109.1","6M7K|1|B","6M7K|1|B"
"NR_2.5_24161.1","4KXT|1|B","4KXT|1|B"
"NR_2.5_79523.1","3FOZ|1|D","3FOZ|1|D"
"NR_2.5_48641.1","1M8X|1|D","1M8X|1|D,1M8W|1|D"
"NR_2.5_60049.2","1VQO|1|4","1VQO|1|4"
"NR_2.5_25020.1","7OUO|1|AAA+7OUO|1|BBB","7OUO|1|AAA+7OUO|1|BBB"
"NR_2.5_63943.1","354D|1|A+354D|1|B","354D|1|A+354D|1|B"
"NR_2.5_33558.1","4PCO|1|A+4PCO|1|B","4PCO|1|A+4PCO|1|B,4PCO|1|E,4PCO|1|C+4PCO|1|D"
"NR_2.5_06694.1","4ED5|1|D","4ED5|1|D,4ED5|1|C"
"NR_2.5_37961.1","7EU9|1|B","7EU9|1|B"
"NR_2.5_60948.1","6JIM|1|C","6JIM|1|C,6JIM|1|D"
"NR_2.5_46712.1","7THB|1|E","7THB|1|E,7THB|1|B,7THB|1|H"
"NR_2.5_76009.1","7V9E|1|A","7V9E|1|A"
"NR_2.5_59099.1","5AOX|1|C","5AOX|1|C,5AOX|1|F"
"NR_2.5_35553.1","3D2S|1|F","3D2S|1|F,3D2S|1|H"
"NR_2.5_66418.1","6FQ3|1|B","6FQ3|1|B"
"NR_2.5_67685.1","3D2S|1|E","3D2S|1|E,3D2S|1|G"
"NR_2.5_54586.1","1L3Z|1|B","1L3Z|1|B,1L3Z|1|A"
"NR_2.5_55924.2","1OOA|1|C","1OOA|1|C,1OOA|1|D"
"NR_2.5_80929.1","7M2V|1|Y+7M2V|1|n","7M2V|1|Y+7M2V|1|n"
"NR_2.5_67036.1","5H1L|1|B","5H1L|1|B"
"NR_2.5_02858.1","2QUX|1|F","2QUX|1|F,2QUX|1|I,2QUX|1|C,2QUX|1|R,2QUX|1|O,2QUX|1|L"
"NR_2.5_20366.1","1QCU|1|C+1QCU|1|D","1QCU|1|C+1QCU|1|D"
"NR_2.5_75931.1","5ZW4|1|D","5ZW4|1|D"
"NR_2.5_31561.1","4P3T|1|A+4P3T|1|B","4P3T|1|A+4P3T|1|B"
"NR_2.5_63313.1","6RT4|1|D","6RT4|1|D,6RT4|1|C"
"NR_2.5_88706.1","4JAH|1|A+4JAH|1|B","4JAH|1|A+4JAH|1|B,4JAH|1|C+4JAH|1|D,4JAH|1|E+4JAH|1|F"
"NR_2.5_93101.1","6R7G|1|R","6R7G|1|R"
"NR_2.5_53003.1","6N6C|1|D","6N6C|1|D,6N6J|1|C,6N6J|1|D,7MPM|1|B,7MPM|1|H,7MPM|1|L,7MPM|1|F,7MPM|1|J,7MPM|1|D,7MPM|1|P,7MPM|1|N,6P7Q|1|E,6P7Q|1|F,6P7Q|1|D,6RCL|1|C,5JJU|1|C"
"NR_2.5_86427.1","6DMC|1|B","6DMC|1|B,6DMC|1|A"
"NR_2.5_88496.1","1ET4|1|A","1ET4|1|A,1ET4|1|C,1ET4|1|B,1ET4|1|D,1ET4|1|E"
"NR_2.5_50496.1","5YTT|1|B","5YTT|1|B"
"NR_2.5_40400.1","3QSU|1|P","3QSU|1|P,3QSU|1|R"
"NR_2.5_12819.1","2XS7|1|B","2XS7|1|B"
"NR_2.5_70790.1","4E5C|1|A+4E5C|1|B","4E5C|1|A+4E5C|1|B"
"NR_2.5_59826.1","7M50|1|a","7M50|1|a"
"NR_2.5_94683.1","4XNR|1|X","4XNR|1|X,4TZX|1|X,5UZA|1|X"
"NR_2.5_99409.1","6QIT|1|A+6QIT|1|B","6QIT|1|A+6QIT|1|B,6QIT|1|C+6QIT|1|D,6QIR|1|A+6QIR|1|B,6QIR|1|C+6QIR|1|D,6QIV|1|A,6QIS|1|A+6QIS|1|B+6QIS|1|C+6QIS|1|D,6QIS|1|E+6QIS|1|F,6QIS|1|G+6QIS|1|H"
"NR_2.5_47084.1","4QVC|1|G","4QVC|1|G"
"NR_2.5_80423.1","4MDX|1|C","4MDX|1|C"
"NR_2.5_68310.1","7KL3|1|B","7KL3|1|B"
"NR_2.5_78506.1","2ZY6|1|A","2ZY6|1|A"
"NR_2.5_19039.1","1WPU|1|C","1WPU|1|C,1WPU|1|D"
"NR_2.5_73115.1","4HT9|1|D","4HT9|1|D,4HT8|1|I,4HT8|1|K"
"NR_2.5_78183.1","2Y8Y|1|B","2Y8Y|1|B"
"NR_2.5_74174.1","5KPY|1|A","5KPY|1|A"
"NR_2.5_32675.1","3TS2|1|V","3TS2|1|V"
"NR_2.5_21945.1","3TS2|1|U","3TS2|1|U"
"NR_2.5_50652.1","4RBY|1|A","4RBY|1|A"
"NR_2.5_45442.1","397D|1|A+397D|1|B","397D|1|A+397D|1|B"
"NR_2.5_34246.1","5TSN|1|P+5TSN|1|T","5TSN|1|P+5TSN|1|T"
"NR_2.5_16232.2","5L00|1|A+5L00|1|B","5L00|1|A+5L00|1|B,5L00|1|C+5L00|1|D,5KRG|1|C+5KRG|1|D,5KRG|1|A+5KRG|1|B,6U6J|1|A+6U6J|1|B,6C8O|1|A+6C8O|1|B,5V0H|1|A+5V0H|1|B,6C8N|1|A+6C8N|1|B,6C8M|1|A+6C8M|1|B"
"NR_2.5_22273.1","6AZ3|1|3","6AZ3|1|3"
"NR_2.5_60178.1","6AZ3|1|2","6AZ3|1|2"
"NR_2.5_91296.1","6AZ3|1|6","6AZ3|1|6"
"NR_2.5_41222.1","6AZ3|1|5","6AZ3|1|5"
"NR_2.5_01258.2","6AZ3|1|4","6AZ3|1|4"
"NR_2.5_69984.2","6AZ3|1|8","6AZ3|1|8"
"NR_2.5_73428.15","7OF0|1|B","7OF0|1|B,7O9M|1|B,7OF7|1|B"
"NR_2.5_26975.1","5JS1|1|B","5JS1|1|B"
"NR_2.5_57460.3","4P95|1|A","4P95|1|A,6GYV|1|A"
"NR_2.5_98916.1","3CZW|1|X","3CZW|1|X"
"NR_2.5_62752.1","3EQT|1|C+3EQT|1|D","3EQT|1|C+3EQT|1|D"
"NR_2.5_43274.1","4P97|1|A+4P97|1|B","4P97|1|A+4P97|1|B,4P97|1|C+4P97|1|D"
"NR_2.5_01949.4","5UED|1|A+5UED|1|B","5UED|1|A+5UED|1|B,6C8J|1|A+6C8J|1|B,7KUP|1|A+7KUP|1|B,7KUK|1|A+7KUK|1|B,7KUM|1|A+7KUM|1|B,7KUL|1|A+7KUL|1|B,6C8D|1|A+6C8D|1|B,6C8I|1|A+6C8I|1|B,5UEE|1|A+5UEE|1|B,6C8L|1|A+6C8L|1|B,6C8E|1|A+6C8E|1|B,6U8U|1|A+6U8U|1|B,5UEF|1|A+5UEF|1|B,7KUO|1|A+7KUO|1|B,6C8K|1|A+6C8K|1|B,6CAB|1|A+6CAB|1|B,6OWL|1|A"
"NR_2.5_14742.1","7RZZ|1|B","7RZZ|1|B"
"NR_2.5_47162.1","3PDR|1|X","3PDR|1|X,3PDR|1|A"
"NR_2.5_90371.1","5WZJ|1|B","5WZJ|1|B"
"NR_2.5_14080.1","315D|1|A+315D|1|B","315D|1|A+315D|1|B"
"NR_2.5_91105.1","4OOG|1|D","4OOG|1|D"
"NR_2.5_89476.1","5JRC|1|E","5JRC|1|E"
"NR_2.5_96162.2","7EL1|1|B","7EL1|1|B"
"NR_2.5_10255.24","7O7Y|1|B7","7O7Y|1|B7,7O7Z|1|B7"
"NR_2.5_91544.1","3BSX|1|C","3BSX|1|C,3BSX|1|D"
"NR_2.5_77294.1","5NDH|1|A","5NDH|1|A,5NDH|1|B,5NDH|1|D,5NDH|1|C"
"NR_2.5_04974.3","4U3L|1|A+4U3L|1|B","4U3L|1|A+4U3L|1|B,4U3O|1|A+4U3O|1|B,4U3R|1|A+4U3R|1|B,4U78|1|A+4U78|1|B,4U47|1|A+4U47|1|B,4U3P|1|A+4U3P|1|B"
"NR_2.5_83027.1","3NPQ|1|A","3NPQ|1|A,3NPQ|1|C,3NPQ|1|B"
"NR_2.5_07962.1","7LNE|1|A+7LNE|1|B","7LNE|1|A+7LNE|1|B,7LNF|1|A+7LNF|1|B,7LNG|1|A+7LNG|1|B"
"NR_2.5_25369.1","3NJ7|1|C+3NJ7|1|D","3NJ7|1|C+3NJ7|1|D,3NJ7|1|E+3NJ7|1|F,3NJ7|1|A+3NJ7|1|B,3NJ6|1|A"
"NR_2.5_35047.1","7DIC|1|C","7DIC|1|C"
"NR_2.5_59612.1","2DB3|1|E","2DB3|1|E,2DB3|1|F,2DB3|1|G,2DB3|1|H"
"NR_2.5_86424.1","3R2C|1|R","3R2C|1|R,3R2C|1|S"
"NR_2.5_76909.1","3RW6|1|H","3RW6|1|H,3RW6|1|F"
"NR_2.5_32785.1","4G0A|1|G","4G0A|1|G"
"NR_2.5_24630.1","4G0A|1|F","4G0A|1|F"
"NR_2.5_74729.1","4G0A|1|E","4G0A|1|E"
"NR_2.5_41649.1","6SQN|1|Y","6SQN|1|Y,6SQN|1|X,6SQN|1|Z,6SQQ|1|YYY,6SQQ|1|XXX,6SQQ|1|ZZZ,1URN|1|P,1URN|1|Q,1URN|1|R"
"NR_2.5_22038.1","7BAH|1|C+7BAH|1|D","7BAH|1|C+7BAH|1|D"
"NR_2.5_43749.1","2Q1O|1|C+2Q1O|1|D","2Q1O|1|C+2Q1O|1|D,2Q1O|1|A+2Q1O|1|B"
"NR_2.5_13250.1","4QIK|1|C+4QIK|1|D","4QIK|1|C+4QIK|1|D"
"NR_2.5_51487.1","4L8H|1|R","4L8H|1|R,2BS0|1|R,2BS0|1|S"
"NR_2.5_84831.1","5HKC|1|C","5HKC|1|C"
"NR_2.5_20024.1","5H3U|1|C","5H3U|1|C"
"NR_2.5_86148.1","5A0T|1|E","5A0T|1|E,5A0T|1|F"
"NR_2.5_35629.1","2O5I|1|Y","2O5I|1|Y,2O5I|1|H"
"NR_2.5_63269.1","6Q8V|1|A","6Q8V|1|A"
"NR_2.5_23118.1","5HBY|1|A","5HBY|1|A,5V0K|1|A"
"NR_2.5_79100.1","6D12|1|C","6D12|1|C"
"NR_2.5_63322.1","6FPX|1|B","6FPX|1|B,6FPX|1|F"
"NR_2.5_22602.1","4QU7|1|X","4QU7|1|X,4QU7|1|V,4QU7|1|U"
"NR_2.5_04754.1","5U3G|1|B","5U3G|1|B"
"NR_2.5_51549.1","1PJG|1|A","1PJG|1|A,1PJO|1|A,1G4Q|1|A,1JB8|1|A"
"NR_2.5_48333.1","6FPX|1|D","6FPX|1|D"
"NR_2.5_26846.1","1JBR|1|C+1JBR|1|F","1JBR|1|C+1JBR|1|F"
"NR_2.5_09775.1","5AH5|1|D","5AH5|1|D,5AH5|1|C"
"NR_2.5_32544.1","1LNT|1|A+1LNT|1|B","1LNT|1|A+1LNT|1|B"
"NR_2.5_20856.1","5HJZ|1|C","5HJZ|1|C"
